Date,Exercise,Category,Weight,Weight Unit,Reps,Distance,Distance Unit,Time,Comment
2024-10-24,Barbell Squat,Legs,135.0,lbs,5,,,,""
2024-10-24,Barbell Squat,Legs,185.0,lbs,5,,,,""
2024-10-24,Barbell Squat,Legs,185.0,lbs,5,,,,""
2024-10-24,Barbell Squat,Legs,185.0,lbs,5,,,,""
2024-10-24,Flat Barbell Bench Press,Chest,135.0,lbs,8,,,,""
2024-10-24,Flat Barbell Bench Press,Chest,185.0,lbs,5,,,,""
2024-10-24,Flat Barbell Bench Press,Chest,225.0,lbs,3,,,,""
2024-10-24,Flat Barbell Bench Press,Chest,225.0,lbs,3,,,,""
2024-10-24,Flat Barbell Bench Press,Chest,225.0,lbs,3,,,,""
2024-10-24,Flat Barbell Bench Press,Chest,205.0,lbs,5,,,,""
2024-10-24,Flat Barbell Bench Press,Chest,205.0,lbs,5,,,,""
2024-10-24,Flat Barbell Bench Press,Chest,205.0,lbs,5,,,,""
2024-10-24,Close Grip Barbell Bench Press,Triceps,135.0,lbs,8,,,,""
2024-10-24,Close Grip Barbell Bench Press,Triceps,155.0,lbs,8,,,,""
2024-10-24,Close Grip Barbell Bench Press,Triceps,155.0,lbs,8,,,,""
2024-10-25,Barbell Squat,Legs,135.0,lbs,5,,,,""
2024-10-25,Barbell Squat,Legs,185.0,lbs,3,,,,""
2024-10-25,Barbell Squat,Legs,185.0,lbs,3,,,,""
2024-10-25,Barbell Squat,Legs,185.0,lbs,3,,,,""
2024-10-25,Barbell Squat,Legs,135.0,lbs,5,,,,""
2024-10-25,Dumbbell Row,Back,135.0,lbs,8,,,,""
2024-10-25,Dumbbell Row,Back,185.0,lbs,5,,,,""
2024-10-25,Dumbbell Row,Back,225.0,lbs,3,,,,""
2024-10-25,Barbell Shrug,Back,225.0,lbs,5,,,,""
2024-10-25,Barbell Shrug,Back,275.0,lbs,8,,,,""
2024-10-25,Romanian Deadlift,Legs,225.0,lbs,5,,,,""
2024-10-25,Dumbbell Row,Back,225.0,lbs,3,,,,""
2024-10-25,Dumbbell Row,Back,135.0,lbs,8,,,,""
2024-10-25,Upright Row,Back,65.0,lbs,12,,,,""
2024-10-25,Upright Row,Back,75.0,lbs,8,,,,""
2024-10-25,Upright Row,Back,75.0,lbs,10,,,,""
2024-10-25,Barbell Curl,Biceps,75.0,lbs,8,,,,""
2024-10-25,Barbell Curl,Biceps,65.0,lbs,8,,,,""
2024-10-25,Barbell Curl,Biceps,65.0,lbs,8,,,,""
2024-10-27,Flat Barbell Bench Press,Chest,135.0,lbs,5,,,,""
2024-10-27,Flat Barbell Bench Press,Chest,185.0,lbs,5,,,,""
2024-10-27,Flat Barbell Bench Press,Chest,205.0,lbs,5,,,,""
2024-10-27,Flat Barbell Bench Press,Chest,205.0,lbs,5,,,,""
2024-10-27,Flat Barbell Bench Press,Chest,205.0,lbs,5,,,,""
2024-10-27,Flat Barbell Bench Press,Chest,205.0,lbs,5,,,,""
2024-10-27,Flat Barbell Bench Press,Chest,205.0,lbs,5,,,,""
2024-10-27,Close Grip Barbell Bench Press,Triceps,185.0,lbs,3,,,,""
2024-10-27,Close Grip Barbell Bench Press,Triceps,155.0,lbs,8,,,,""
2024-10-27,Close Grip Barbell Bench Press,Triceps,155.0,lbs,8,,,,""
2024-10-27,Close Grip Barbell Bench Press,Triceps,135.0,lbs,10,,,,""
2024-10-28,Barbell Squat,Legs,135.0,lbs,5,,,,""
2024-10-28,Barbell Squat,Legs,185.0,lbs,5,,,,""
2024-10-28,Barbell Squat,Legs,185.0,lbs,4,,,,""
2024-10-28,Barbell Squat,Legs,185.0,lbs,3,,,,""
2024-10-28,Barbell Squat,Legs,185.0,lbs,3,,,,""
2024-10-28,Barbell Squat,Legs,185.0,lbs,3,,,,""
2024-10-28,Barbell Squat,Legs,185.0,lbs,3,,,,""
2024-10-28,Lat Pulldown,Back,100.0,lbs,15,,,,""
2024-10-28,Lat Pulldown,Back,120.0,lbs,8,,,,""
2024-10-28,Lat Pulldown,Back,140.0,lbs,8,,,,""
2024-10-28,Lat Pulldown,Back,160.0,lbs,8,,,,""
2024-10-29,Flat Barbell Bench Press,Chest,135.0,lbs,5,,,,""
2024-10-29,Flat Barbell Bench Press,Chest,185.0,lbs,5,,,,""
2024-10-29,Flat Barbell Bench Press,Chest,225.0,lbs,3,,,,""
2024-10-29,Flat Barbell Bench Press,Chest,225.0,lbs,3,,,,""
2024-10-29,Flat Barbell Bench Press,Chest,225.0,lbs,4,,,,""
2024-10-29,Flat Barbell Bench Press,Chest,225.0,lbs,3,,,,""
2024-10-29,Flat Barbell Bench Press,Chest,225.0,lbs,3,,,,""
2024-10-29,Flat Barbell Bench Press,Chest,225.0,lbs,3,,,,""
2024-10-29,Flat Barbell Bench Press,Chest,225.0,lbs,3,,,,""
2024-10-29,Close Grip Barbell Bench Press,Triceps,185.0,lbs,5,,,,""
2024-10-29,Close Grip Barbell Bench Press,Triceps,135.0,lbs,8,,,,""
2024-10-29,Cable Crossover,Chest,30.0,lbs,12,,,,""
2024-10-29,Cable Crossover,Chest,35.0,lbs,8,,,,""
2024-10-29,Cable Crossover,Chest,35.0,lbs,8,,,,""
2024-10-29,Rope Push Down,Triceps,35.0,lbs,15,,,,""
2024-10-29,Rope Push Down,Triceps,42.5,lbs,12,,,,""
2024-10-29,Cable Overhead Triceps Extension,Triceps,30.0,lbs,15,,,,""
2024-10-29,Cable Overhead Triceps Extension,Triceps,30.0,lbs,12,,,,""
2024-10-29,Cable Overhead Triceps Extension,Triceps,30.0,lbs,12,,,,""
2024-10-29,Dumbbell Curl,Biceps,35.0,lbs,12,,,,""
2024-10-29,Dumbbell Hammer Curl,Biceps,40.0,lbs,8,,,,""
2024-10-29,EZ-Bar Curl,Biceps,70.0,lbs,8,,,,""
2024-10-29,Barbell Squat,Legs,135.0,lbs,8,,,,""
2024-10-29,Barbell Squat,Legs,135.0,lbs,3,,,,""
2024-10-29,Barbell Squat,Legs,135.0,lbs,5,,,,""
2024-10-29,Barbell Squat,Legs,135.0,lbs,6,,,,""
2024-10-31,Standing Calf Raise Machine,Legs,90.0,lbs,20,,,,""
2024-10-31,Standing Calf Raise Machine,Legs,140.0,lbs,15,,,,""
2024-10-31,Standing Calf Raise Machine,Legs,140.0,lbs,15,,,,""
2024-10-31,Seated Cable Row,Back,120.0,lbs,15,,,,""
2024-10-31,Seated Cable Row,Back,140.0,lbs,10,,,,""
2024-10-31,Seated Cable Row,Back,140.0,lbs,12,,,,""
2024-10-31,Lat Pulldown,Back,120.0,lbs,8,,,,""
2024-10-31,Lat Pulldown,Back,140.0,lbs,8,,,,""
2024-10-31,Lat Pulldown,Back,160.0,lbs,8,,,,""
2024-10-31,Deadlift,Back,135.0,lbs,3,,,,""
2024-10-31,Deadlift,Back,225.0,lbs,3,,,,""
2024-10-31,Deadlift,Back,295.0,lbs,1,,,,""
2024-10-31,Deadlift,Back,295.0,lbs,2,,,,""
2024-10-31,Deadlift,Back,255.0,lbs,5,,,,""
2024-10-31,Deadlift,Back,255.0,lbs,5,,,,""
2024-10-31,Deadlift,Back,225.0,lbs,5,,,,""
2024-11-02,Barbell Squat,Legs,135.0,lbs,3,,,,""
2024-11-02,Barbell Squat,Legs,185.0,lbs,3,,,,""
2024-11-02,Barbell Squat,Legs,225.0,lbs,5,,,,""
2024-11-02,Barbell Squat,Legs,225.0,lbs,4,,,,""
2024-11-02,Barbell Squat,Legs,225.0,lbs,3,,,,""
2024-11-02,Barbell Squat,Legs,225.0,lbs,3,,,,""
2024-11-02,Barbell Squat,Legs,225.0,lbs,3,,,,""
2024-11-02,Flat Barbell Bench Press,Chest,135.0,lbs,5,,,,""
2024-11-02,Flat Barbell Bench Press,Chest,185.0,lbs,5,,,,""
2024-11-02,Flat Barbell Bench Press,Chest,225.0,lbs,4,,,,""
2024-11-02,Flat Barbell Bench Press,Chest,225.0,lbs,4,,,,""
2024-11-02,Flat Barbell Bench Press,Chest,225.0,lbs,4,,,,""
2024-11-02,Flat Barbell Bench Press,Chest,225.0,lbs,4,,,,""
2024-11-02,Flat Barbell Bench Press,Chest,225.0,lbs,4,,,,""
2024-11-02,Flat Barbell Bench Press,Chest,225.0,lbs,3,,,,""
2024-11-03,Barbell Squat,Legs,95.0,lbs,5,,,,""
2024-11-03,Barbell Squat,Legs,135.0,lbs,5,,,,""
2024-11-03,Barbell Squat,Legs,175.0,lbs,6,,,,""
2024-11-03,Barbell Squat,Legs,175.0,lbs,6,,,,""
2024-11-03,Barbell Squat,Legs,175.0,lbs,6,,,,""
2024-11-03,Barbell Squat,Legs,175.0,lbs,6,,,,""
2024-11-03,Barbell Squat,Legs,175.0,lbs,6,,,,""
2024-11-03,Barbell Squat,Legs,175.0,lbs,6,,,,""
2024-11-03,Overhead Press,Shoulders,90.0,lbs,8,,,,""
2024-11-03,Overhead Press,Shoulders,110.0,lbs,8,,,,""
2024-11-03,Overhead Press,Shoulders,110.0,lbs,8,,,,""
2024-11-03,Overhead Press,Shoulders,110.0,lbs,4,,,,""
2024-11-03,Overhead Press,Shoulders,90.0,lbs,4,,,,""
2024-11-03,Rope Push Down,Triceps,35.0,lbs,15,,,,""
2024-11-03,Cable Overhead Triceps Extension,Triceps,35.0,lbs,12,,,,""
2024-11-03,Lateral Machine Raise,Shoulders,10.0,lbs,12,,,,""
2024-11-03,Rope Push Down,Triceps,35.0,lbs,15,,,,""
2024-11-03,Cable Overhead Triceps Extension,Triceps,35.0,lbs,10,,,,""
2024-11-03,Lateral Machine Raise,Shoulders,10.0,lbs,10,,,,""
2024-11-04,Deadlift,Back,135.0,lbs,8,,,,""
2024-11-04,Deadlift,Back,225.0,lbs,5,,,,""
2024-11-04,Deadlift,Back,275.0,lbs,5,,,,""
2024-11-04,Deadlift,Back,325.0,lbs,2,,,,""
2024-11-04,Deadlift,Back,325.0,lbs,2,,,,""
2024-11-04,Deadlift,Back,275.0,lbs,3,,,,""
2024-11-04,Deadlift,Back,225.0,lbs,5,,,,""
2024-11-04,Machine Shrug,Back,135.0,lbs,12,,,,""
2024-11-04,Machine Shrug,Back,185.0,lbs,10,,,,""
2024-11-04,Machine Shrug,Back,255.0,lbs,8,,,,""
2024-11-04,Lat Pulldown,Back,120.0,lbs,8,,,,""
2024-11-04,Lat Pulldown,Back,140.0,lbs,10,,,,""
2024-11-04,Lat Pulldown,Back,160.0,lbs,8,,,,""
2024-11-04,Seated Cable Row,Back,120.0,lbs,12,,,,""
2024-11-04,Seated Cable Row,Back,140.0,lbs,10,,,,""
2024-11-04,Seated Cable Row,Back,160.0,lbs,8,,,,""
2024-11-04,Dumbbell Curl,Biceps,35.0,lbs,8,,,,""
2024-11-04,Dumbbell Curl,Biceps,35.0,lbs,8,,,,""
2024-11-04,Dumbbell Hammer Curl,Biceps,40.0,lbs,8,,,,""
2024-11-04,EZ-Bar Curl,Biceps,80.0,lbs,6,,,,""
2024-11-04,EZ-Bar Curl,Biceps,60.0,lbs,10,,,,""
2024-11-06,Flat Barbell Bench Press,Chest,135.0,lbs,5,,,,""
2024-11-06,Flat Barbell Bench Press,Chest,185.0,lbs,5,,,,""
2024-11-06,Flat Barbell Bench Press,Chest,205.0,lbs,5,,,,""
2024-11-06,Flat Barbell Bench Press,Chest,225.0,lbs,4,,,,""
2024-11-06,Flat Barbell Bench Press,Chest,185.0,lbs,6,,,,""
2024-11-10,Barbell Squat,Legs,95.0,lbs,5,,,,""
2024-11-10,Barbell Squat,Legs,135.0,lbs,5,,,,""
2024-11-10,Barbell Squat,Legs,185.0,lbs,5,,,,""
2024-11-10,Barbell Squat,Legs,185.0,lbs,5,,,,""
2024-11-10,Barbell Squat,Legs,185.0,lbs,5,,,,""
2024-11-10,Barbell Squat,Legs,185.0,lbs,5,,,,""
2024-11-10,Barbell Squat,Legs,185.0,lbs,5,,,,""
2024-11-10,Barbell Squat,Legs,185.0,lbs,5,,,,""
2024-11-10,Barbell Squat,Legs,185.0,lbs,5,,,,""
2024-11-10,Flat Barbell Bench Press,Chest,135.0,lbs,5,,,,""
2024-11-10,Flat Barbell Bench Press,Chest,185.0,lbs,5,,,,""
2024-11-10,Flat Barbell Bench Press,Chest,225.0,lbs,5,,,,""
2024-11-10,Flat Barbell Bench Press,Chest,225.0,lbs,5,,,,""
2024-11-10,Flat Barbell Bench Press,Chest,225.0,lbs,5,,,,""
2024-11-10,Flat Barbell Bench Press,Chest,225.0,lbs,4,,,,""
2024-11-10,Flat Barbell Bench Press,Chest,225.0,lbs,5,,,,""
2024-11-10,Flat Barbell Bench Press,Chest,225.0,lbs,4,,,,""
2024-11-10,Flat Barbell Bench Press,Chest,225.0,lbs,3,,,,""
2024-11-10,Rope Push Down,Triceps,30.0,lbs,20,,,,""
2024-11-10,Cable Overhead Triceps Extension,Triceps,30.0,lbs,15,,,,""
2024-11-10,Rope Push Down,Triceps,35.0,lbs,12,,,,""
2024-11-10,Cable Overhead Triceps Extension,Triceps,35.0,lbs,10,,,,""
2024-11-10,Rope Push Down,Triceps,35.0,lbs,12,,,,""
2024-11-10,Cable Overhead Triceps Extension,Triceps,35.0,lbs,20,,,,""
2024-11-11,Standing Calf Raise Machine,Legs,90.0,lbs,20,,,,""
2024-11-11,Standing Calf Raise Machine,Legs,140.0,lbs,15,,,,""
2024-11-11,Standing Calf Raise Machine,Legs,140.0,lbs,15,,,,""
2024-11-11,Lat Pulldown,Back,120.0,lbs,10,,,,""
2024-11-11,Lat Pulldown,Back,120.0,lbs,10,,,,""
2024-11-11,Lat Pulldown,Back,140.0,lbs,8,,,,""
2024-11-11,Lat Pulldown,Back,160.0,lbs,8,,,,""
2024-11-11,Lat Pulldown,Back,180.0,lbs,6,,,,""
2024-11-11,Lat Pulldown,Back,200.0,lbs,4,,,,""
2024-11-11,Barbell Row,Back,95.0,lbs,12,,,,""
2024-11-11,Barbell Row,Back,135.0,lbs,8,,,,""
2024-11-11,Barbell Row,Back,185.0,lbs,5,,,,""
2024-11-11,Barbell Row,Back,135.0,lbs,8,,,,""
2024-11-11,Dumbbell Curl,Biceps,35.0,lbs,10,,,,""
2024-11-11,Dumbbell Curl,Biceps,40.0,lbs,8,,,,""
2024-11-11,Dumbbell Curl,Biceps,30.0,lbs,10,,,,""
2024-11-11,Dumbbell Hammer Curl,Biceps,40.0,lbs,8,,,,""
2024-11-11,Dumbbell Hammer Curl,Biceps,30.0,lbs,10,,,,""
2024-11-11,EZ-Bar Curl,Biceps,50.0,lbs,12,,,,""
2024-11-13,Flat Barbell Bench Press,Chest,135.0,lbs,5,,,,""
2024-11-24,Flat Barbell Bench Press,Chest,135.0,lbs,8,,,,""
2024-11-24,Flat Barbell Bench Press,Chest,185.0,lbs,5,,,,""
2024-11-24,Flat Barbell Bench Press,Chest,205.0,lbs,5,,,,""
2024-11-24,Flat Barbell Bench Press,Chest,225.0,lbs,2,,,,""
2024-11-24,Flat Barbell Bench Press,Chest,205.0,lbs,5,,,,""
2024-11-24,Flat Barbell Bench Press,Chest,205.0,lbs,5,,,,""
2024-11-24,Incline Hammer Strength Chest Press,Chest,90.0,lbs,10,,,,""
2024-11-24,Incline Hammer Strength Chest Press,Chest,180.0,lbs,8,,,,""
2024-11-24,Incline Hammer Strength Chest Press,Chest,180.0,lbs,5,,,,""
2024-11-24,Incline Hammer Strength Chest Press,Chest,180.0,lbs,5,,,,""
2024-11-24,Cable Overhead Triceps Extension,Triceps,30.0,lbs,10,,,,""
2024-11-24,Rope Push Down,Triceps,30.0,lbs,15,,,,""
2024-11-24,Rope Push Down,Triceps,35.0,lbs,10,,,,""
2024-11-24,Cable Overhead Triceps Extension,Triceps,35.0,lbs,10,,,,""
2024-11-24,Rope Push Down,Triceps,35.0,lbs,8,,,,""
2024-11-24,Cable Overhead Triceps Extension,Triceps,35.0,lbs,8,,,,""
2024-11-24,Seated Machine Fly,Chest,100.0,lbs,12,,,,""
2024-11-24,Seated Machine Fly,Chest,130.0,lbs,10,,,,""
2024-11-28,Barbell Squat,Legs,95.0,lbs,5,,,,""
2024-11-28,Barbell Squat,Legs,135.0,lbs,5,,,,""
2024-11-28,Barbell Squat,Legs,135.0,lbs,5,,,,""
2024-11-28,Barbell Squat,Legs,135.0,lbs,5,,,,""
2024-11-28,Barbell Squat,Legs,135.0,lbs,5,,,,""
2024-11-28,Barbell Squat,Legs,135.0,lbs,5,,,,""
2024-11-28,Flat Barbell Bench Press,Chest,135.0,lbs,5,,,,""
2024-11-28,Flat Barbell Bench Press,Chest,185.0,lbs,5,,,,""
2024-11-28,Flat Barbell Bench Press,Chest,205.0,lbs,5,,,,""
2024-11-28,Flat Barbell Bench Press,Chest,225.0,lbs,3,,,,""
2024-11-28,Flat Barbell Bench Press,Chest,225.0,lbs,3,,,,""
2024-11-28,Flat Barbell Bench Press,Chest,225.0,lbs,3,,,,""
2024-11-28,Rope Push Down,Triceps,35.0,lbs,25,,,,""
2024-11-28,Cable Overhead Triceps Extension,Triceps,35.0,lbs,12,,,,""
2024-11-28,Rope Push Down,Triceps,35.0,lbs,12,,,,""
2024-11-28,Cable Overhead Triceps Extension,Triceps,30.0,lbs,15,,,,""
2024-11-28,Barbell Row,Back,95.0,lbs,12,,,,""
2024-11-28,Barbell Row,Back,135.0,lbs,8,,,,""
2024-11-28,Barbell Row,Back,155.0,lbs,5,,,,""
2024-11-28,Barbell Row,Back,155.0,lbs,7,,,,""
2024-11-28,Barbell Row,Back,165.0,lbs,5,,,,""
2024-11-28,Barbell Row,Back,165.0,lbs,5,,,,""
2024-11-28,Barbell Row,Back,175.0,lbs,5,,,,""
2024-11-28,Seated Cable Row,Back,100.0,lbs,15,,,,""
2024-11-28,Seated Cable Row,Back,120.0,lbs,12,,,,""
2024-11-28,Seated Cable Row,Back,140.0,lbs,12,,,,""
2024-11-28,Seated Cable Row,Back,140.0,lbs,10,,,,""
2024-11-28,Seated Cable Row,Back,160.0,lbs,6,,,,""
2024-11-28,Seated Cable Row,Back,180.0,lbs,6,,,,""
2024-11-28,Seated Cable Row,Back,200.0,lbs,5,,,,""
2024-11-28,Lat Pulldown,Back,120.0,lbs,10,,,,""
2024-11-28,Lat Pulldown,Back,120.0,lbs,9,,,,""
2024-11-28,Lat Pulldown,Back,100.0,lbs,14,,,,""
2024-11-28,Dumbbell Curl,Biceps,35.0,lbs,8,,,,""
2024-11-28,Dumbbell Hammer Curl,Biceps,35.0,lbs,8,,,,""
2024-11-28,Dumbbell Concentration Curl,Biceps,20.0,lbs,10,,,,""
2024-11-28,EZ-Bar Curl,Biceps,60.0,lbs,8,,,,""
2024-11-28,EZ-Bar Curl,Biceps,60.0,lbs,8,,,,""
2024-11-30,Standing Calf Raise Machine,Legs,90.0,lbs,15,,,,""
2024-11-30,Standing Calf Raise Machine,Legs,90.0,lbs,15,,,,""
2024-11-30,Standing Calf Raise Machine,Legs,90.0,lbs,15,,,,""
2024-11-30,Barbell Squat,Legs,115.0,lbs,5,,,,""
2024-11-30,Barbell Squat,Legs,165.0,lbs,5,,,,""
2024-11-30,Leg Extension Machine,Legs,110.0,lbs,12,,,,""
2024-11-30,Leg Extension Machine,Legs,130.0,lbs,12,,,,""
2024-11-30,Leg Extension Machine,Legs,130.0,lbs,12,,,,""
2024-11-30,Seated Leg Curl Machine,Legs,85.0,lbs,10,,,,""
2024-11-30,Seated Leg Curl Machine,Legs,85.0,lbs,10,,,,""
2024-11-30,Stiff-Legged Deadlift,Legs,135.0,lbs,8,,,,""
2024-11-30,Stiff-Legged Deadlift,Legs,185.0,lbs,8,,,,""
2024-11-30,Stiff-Legged Deadlift,Legs,185.0,lbs,8,,,,""
2024-11-30,Barbell Squat,Legs,135.0,lbs,6,,,,""
2024-11-30,Barbell Squat,Legs,135.0,lbs,8,,,,""
2024-11-30,Hammer Strength Shoulder Press,Shoulders,90.0,lbs,10,,,,""
2024-11-30,Hammer Strength Shoulder Press,Shoulders,90.0,lbs,10,,,,""
2024-11-30,Seated Dumbbell Press,Shoulders,40.0,lbs,12,,,,""
2024-11-30,Seated Dumbbell Press,Shoulders,50.0,lbs,8,,,,""
2024-11-30,Cable Face Pull,Shoulders,25.0,lbs,15,,,,""
2024-11-30,Cable Face Pull,Shoulders,35.0,lbs,12,,,,""
2024-11-30,Lateral Machine Raise,Shoulders,20.0,lbs,8,,,,""
2024-11-30,Lateral Machine Raise,Shoulders,15.0,lbs,10,,,,""
2024-11-30,Lateral Dumbbell Raise,Shoulders,20.0,lbs,10,,,,""
2024-11-30,Seated Calf Raise Machine,Legs,90.0,lbs,12,,,,""
2024-11-30,Seated Calf Raise Machine,Legs,90.0,lbs,15,,,,""
2024-11-30,Seated Calf Raise Machine,Legs,90.0,lbs,15,,,,""
2024-12-02,Rack Pull,Back,135.0,lbs,5,,,,""
2024-12-02,Rack Pull,Back,225.0,lbs,5,,,,""
2024-12-02,Rack Pull,Back,275.0,lbs,5,,,,""
2024-12-02,Rack Pull,Back,225.0,lbs,5,,,,""
2024-12-02,Rack Pull,Back,225.0,lbs,8,,,,""
2024-12-02,Barbell Row,Back,185.0,lbs,5,,,,""
2024-12-02,Barbell Row,Back,185.0,lbs,5,,,,""
2024-12-02,Barbell Row,Back,185.0,lbs,5,,,,""
2024-12-02,Lat Pulldown,Back,120.0,lbs,12,,,,""
2024-12-02,Lat Pulldown,Back,140.0,lbs,10,,,,""
2024-12-02,Lat Pulldown,Back,160.0,lbs,8,,,,""
2024-12-02,Lat Pulldown,Back,180.0,lbs,6,,,,""
2024-12-02,Lat Pulldown,Back,180.0,lbs,6,,,,""
2024-12-02,EZ-Bar Curl,Biceps,60.0,lbs,10,,,,""
2024-12-02,Seated Incline Dumbbell Curl,Biceps,25.0,lbs,12,,,,""
2024-12-02,Dumbbell Hammer Curl,Biceps,25.0,lbs,12,,,,""
2024-12-02,Seated Incline Dumbbell Curl,Biceps,25.0,lbs,8,,,,""
2024-12-02,Dumbbell Hammer Curl,Biceps,25.0,lbs,12,,,,""
2024-12-02,Flat Barbell Bench Press,Chest,45.0,lbs,6,,,,""
2024-12-02,Flat Barbell Bench Press,Chest,135.0,lbs,5,,,,""
2024-12-02,Flat Barbell Bench Press,Chest,185.0,lbs,5,,,,""
2024-12-02,Flat Barbell Bench Press,Chest,205.0,lbs,5,,,,""
2024-12-02,Flat Barbell Bench Press,Chest,205.0,lbs,5,,,,""
2024-12-02,Flat Barbell Bench Press,Chest,205.0,lbs,5,,,,""
2024-12-02,Flat Barbell Bench Press,Chest,205.0,lbs,5,,,,""
2024-12-02,Flat Barbell Bench Press,Chest,205.0,lbs,5,,,,""
2024-12-02,Rope Push Down,Triceps,30.0,lbs,25,,,,""
2024-12-02,Cable Overhead Triceps Extension,Triceps,30.0,lbs,12,,,,""
2024-12-02,Rope Push Down,Triceps,35.0,lbs,12,,,,""
2024-12-02,Cable Overhead Triceps Extension,Triceps,30.0,lbs,15,,,,""
2024-12-02,Rope Push Down,Triceps,30.0,lbs,10,,,,""
2024-12-04,Barbell Squat,Legs,135.0,lbs,5,,,,""
2024-12-04,Barbell Squat,Legs,135.0,lbs,5,,,,""
2024-12-04,Barbell Squat,Legs,185.0,lbs,5,,,,""
2024-12-04,Barbell Squat,Legs,185.0,lbs,4,,,,""
2024-12-04,Barbell Squat,Legs,185.0,lbs,3,,,,""
2024-12-04,Barbell Squat,Legs,135.0,lbs,8,,,,""
2024-12-04,Barbell Squat,Legs,135.0,lbs,8,,,,""
2024-12-04,Leg Extension Machine,Legs,130.0,lbs,12,,,,""
2024-12-04,Leg Extension Machine,Legs,130.0,lbs,12,,,,""
2024-12-04,Leg Extension Machine,Legs,110.0,lbs,15,,,,""
2024-12-07,Deadlift,Back,135.0,lbs,8,,,,""
2024-12-07,Deadlift,Back,225.0,lbs,8,,,,""
2024-12-07,Deadlift,Back,225.0,lbs,5,,,,""
2024-12-07,Deadlift,Back,225.0,lbs,5,,,,""
2024-12-07,Upright Row,Back,135.0,lbs,10,,,,""
2024-12-07,Upright Row,Back,135.0,lbs,10,,,,""
2024-12-07,Upright Row,Back,135.0,lbs,10,,,,""
2024-12-07,Upright Row,Back,185.0,lbs,5,,,,""
2024-12-07,Upright Row,Back,185.0,lbs,5,,,,""
2024-12-07,Lat Pulldown,Back,120.0,lbs,12,,,,""
2024-12-07,Lat Pulldown,Back,140.0,lbs,8,,,,""
2024-12-07,Lat Pulldown,Back,160.0,lbs,6,,,,""
2024-12-07,Lat Pulldown,Back,160.0,lbs,6,,,,""
2024-12-07,Seated Cable Row,Back,140.0,lbs,12,,,,""
2024-12-07,Seated Cable Row,Back,160.0,lbs,8,,,,""
2024-12-07,Seated Cable Row,Back,180.0,lbs,6,,,,""
2024-12-07,Dumbbell Curl,Biceps,35.0,lbs,10,,,,""
2024-12-07,Dumbbell Curl,Biceps,35.0,lbs,10,,,,""
2024-12-07,Dumbbell Hammer Curl,Biceps,40.0,lbs,8,,,,""
2024-12-07,Dumbbell Hammer Curl,Biceps,35.0,lbs,8,,,,""
2024-12-09,Flat Barbell Bench Press,Chest,135.0,lbs,5,,,,""
2024-12-09,Flat Barbell Bench Press,Chest,135.0,lbs,5,,,,""
2024-12-09,Flat Barbell Bench Press,Chest,185.0,lbs,5,,,,""
2024-12-09,Flat Barbell Bench Press,Chest,205.0,lbs,6,,,,""
2024-12-09,Flat Barbell Bench Press,Chest,205.0,lbs,6,,,,""
2024-12-09,Flat Barbell Bench Press,Chest,205.0,lbs,6,,,,""
2024-12-09,Flat Barbell Bench Press,Chest,225.0,lbs,3,,,,""
2024-12-09,Flat Barbell Bench Press,Chest,225.0,lbs,3,,,,""
2024-12-09,Flat Barbell Bench Press,Chest,225.0,lbs,3,,,,""
2024-12-09,Close Grip Barbell Bench Press,Triceps,155.0,lbs,8,,,,""
2024-12-09,Rope Push Down,Triceps,30.0,lbs,25,,,,""
2024-12-09,Rope Push Down,Triceps,30.0,lbs,20,,,,""
2024-12-09,Rope Push Down,Triceps,30.0,lbs,15,,,,""
2024-12-09,Rope Push Down,Triceps,30.0,lbs,15,,,,""
2024-12-13,Barbell Squat,Legs,135.0,lbs,6,,,,""
2024-12-13,Barbell Squat,Legs,185.0,lbs,5,,,,""
2024-12-13,Barbell Squat,Legs,185.0,lbs,5,,,,""
2024-12-13,Barbell Squat,Legs,225.0,lbs,3,,,,""
2024-12-13,Barbell Squat,Legs,185.0,lbs,5,,,,""
2024-12-13,Barbell Squat,Legs,135.0,lbs,5,,,,""
2024-12-13,Leg Extension Machine,Legs,130.0,lbs,12,,,,""
2024-12-13,Leg Extension Machine,Legs,150.0,lbs,10,,,,""
2024-12-13,Leg Extension Machine,Legs,150.0,lbs,10,,,,""
2024-12-13,Standing Calf Raise Machine,Legs,90.0,lbs,15,,,,""
2024-12-13,Standing Calf Raise Machine,Legs,150.0,lbs,12,,,,""
2024-12-13,Standing Calf Raise Machine,Legs,150.0,lbs,12,,,,""
2024-12-14,Flat Barbell Bench Press,Chest,135.0,lbs,5,,,,""
2024-12-14,Flat Barbell Bench Press,Chest,135.0,lbs,5,,,,""
2024-12-14,Flat Barbell Bench Press,Chest,185.0,lbs,5,,,,""
2024-12-14,Flat Barbell Bench Press,Chest,225.0,lbs,5,,,,""
2024-12-14,Flat Barbell Bench Press,Chest,235.0,lbs,2,,,,""
2024-12-14,Flat Barbell Bench Press,Chest,225.0,lbs,3,,,,""
2024-12-14,Flat Barbell Bench Press,Chest,225.0,lbs,3,,,,""
2024-12-14,Flat Barbell Bench Press,Chest,225.0,lbs,3,,,,""
2024-12-14,Flat Barbell Bench Press,Chest,185.0,lbs,8,,,,""
2024-12-14,Decline Hammer Strength Chest Press,Chest,90.0,lbs,15,,,,""
2024-12-14,Decline Hammer Strength Chest Press,Chest,180.0,lbs,12,,,,""
2024-12-14,Decline Hammer Strength Chest Press,Chest,230.0,lbs,10,,,,""
2024-12-14,Decline Hammer Strength Chest Press,Chest,270.0,lbs,8,,,,""
2024-12-14,Decline Hammer Strength Chest Press,Chest,320.0,lbs,6,,,,""
2024-12-14,Incline Hammer Strength Chest Press,Chest,140.0,lbs,8,,,,""
2024-12-14,Incline Hammer Strength Chest Press,Chest,140.0,lbs,8,,,,""
2024-12-14,Incline Hammer Strength Chest Press,Chest,90.0,lbs,15,,,,""
2024-12-14,EZ-Bar Curl,Biceps,60.0,lbs,15,,,,""
2024-12-14,Dumbbell Concentration Curl,Biceps,20.0,lbs,10,,,,""
2024-12-14,Dumbbell Curl,Biceps,30.0,lbs,8,,,,""
2024-12-14,Dumbbell Hammer Curl,Biceps,35.0,lbs,8,,,,""
2024-12-15,Barbell Row,Back,95.0,lbs,8,,,,""
2024-12-15,Barbell Row,Back,135.0,lbs,10,,,,""
2024-12-15,Barbell Row,Back,185.0,lbs,5,,,,""
2024-12-15,Barbell Row,Back,185.0,lbs,5,,,,""
2024-12-15,Barbell Row,Back,185.0,lbs,5,,,,""
2024-12-15,Romanian Deadlift,Legs,225.0,lbs,5,,,,""
2024-12-15,Romanian Deadlift,Legs,225.0,lbs,5,,,,""
2024-12-15,Leg Press,Legs,200.0,lbs,12,,,,""
2024-12-15,Leg Press,Legs,200.0,lbs,12,,,,""
2024-12-15,Leg Press,Legs,290.0,lbs,12,,,,""
2024-12-15,Leg Press,Legs,290.0,lbs,12,,,,""
2024-12-15,Lat Pulldown,Back,120.0,lbs,15,,,,""
2024-12-15,Lat Pulldown,Back,140.0,lbs,10,,,,""
2024-12-15,Lat Pulldown,Back,160.0,lbs,6,,,,""
2024-12-16,Standing Calf Raise Machine,Legs,90.0,lbs,20,,,,""
2024-12-16,Standing Calf Raise Machine,Legs,140.0,lbs,15,,,,""
2024-12-16,Standing Calf Raise Machine,Legs,140.0,lbs,16,,,,""
2024-12-16,Standing Calf Raise Machine,Legs,160.0,lbs,15,,,,""
2024-12-16,Seated Dumbbell Press,Shoulders,50.0,lbs,12,,,,""
2024-12-16,Seated Dumbbell Press,Shoulders,60.0,lbs,7,,,,""
2024-12-16,Seated Dumbbell Press,Shoulders,55.0,lbs,8,,,,""
2024-12-16,Seated Dumbbell Press,Shoulders,60.0,lbs,6,,,,""
2024-12-16,Lateral Dumbbell Raise,Shoulders,20.0,lbs,15,,,,""
2024-12-16,Lateral Dumbbell Raise,Shoulders,20.0,lbs,12,,,,""
2024-12-16,Lateral Dumbbell Raise,Shoulders,25.0,lbs,8,,,,""
2024-12-16,Rope Push Down,Triceps,35.0,lbs,20,,,,""
2024-12-16,Rope Push Down,Triceps,42.5,lbs,15,,,,""
2024-12-16,Rope Push Down,Triceps,50.0,lbs,8,,,,""
2024-12-16,Cable Overhead Triceps Extension,Triceps,30.0,lbs,15,,,,""
2024-12-16,Cable Overhead Triceps Extension,Triceps,35.0,lbs,12,,,,""
2024-12-16,Cable Overhead Triceps Extension,Triceps,35.0,lbs,13,,,,""
2024-12-16,Dumbbell Curl,Biceps,30.0,lbs,8,,,,""
2024-12-16,Dumbbell Curl,Biceps,30.0,lbs,12,,,,""
2024-12-16,Leg Press,Legs,200.0,lbs,12,,,,""
2024-12-16,Leg Press,Legs,290.0,lbs,12,,,,""
2024-12-16,Leg Press,Legs,290.0,lbs,12,,,,""
2024-12-18,Flat Barbell Bench Press,Chest,135.0,lbs,5,,,,""
2024-12-18,Flat Barbell Bench Press,Chest,135.0,lbs,5,,,,""
2024-12-18,Flat Barbell Bench Press,Chest,185.0,lbs,5,,,,""
2024-12-18,Flat Barbell Bench Press,Chest,225.0,lbs,5,,,,""
2024-12-18,Flat Barbell Bench Press,Chest,225.0,lbs,5,,,,""
2024-12-18,Flat Barbell Bench Press,Chest,225.0,lbs,4,,,,""
2024-12-18,Flat Barbell Bench Press,Chest,225.0,lbs,4,,,,""
2024-12-18,Flat Barbell Bench Press,Chest,225.0,lbs,4,,,,""
2024-12-18,Flat Barbell Bench Press,Chest,205.0,lbs,6,,,,""
2024-12-18,Flat Barbell Bench Press,Chest,205.0,lbs,8,,,,""
2024-12-18,Leg Press,Legs,200.0,lbs,12,,,,""
2024-12-18,Leg Press,Legs,290.0,lbs,8,,,,""
2024-12-18,Leg Press,Legs,290.0,lbs,10,,,,""
2024-12-18,Rope Push Down,Triceps,35.0,lbs,20,,,,""
2024-12-18,Cable Overhead Triceps Extension,Triceps,35.0,lbs,12,,,,""
2024-12-18,Rope Push Down,Triceps,35.0,lbs,12,,,,""
2024-12-18,Cable Overhead Triceps Extension,Triceps,35.0,lbs,8,,,,""
2024-12-18,Rope Push Down,Triceps,35.0,lbs,15,,,,""
2024-12-18,Cable Overhead Triceps Extension,Triceps,35.0,lbs,12,,,,""
2024-12-20,Barbell Row,Back,95.0,lbs,12,,,,""
2024-12-20,Barbell Row,Back,135.0,lbs,8,,,,""
2024-12-20,Barbell Row,Back,155.0,lbs,8,,,,""
2024-12-20,Romanian Deadlift,Legs,185.0,lbs,6,,,,""
2024-12-20,Romanian Deadlift,Legs,185.0,lbs,6,,,,""
2024-12-20,Romanian Deadlift,Legs,185.0,lbs,6,,,,""
2024-12-20,Lat Pulldown,Back,120.0,lbs,12,,,,""
2024-12-20,Lat Pulldown,Back,140.0,lbs,10,,,,""
2024-12-20,Lat Pulldown,Back,160.0,lbs,8,,,,""
2024-12-20,Seated Cable Row,Back,130.0,lbs,12,,,,""
2024-12-20,Seated Cable Row,Back,140.0,lbs,10,,,,""
2024-12-20,Seated Cable Row,Back,160.0,lbs,8,,,,""
2024-12-20,Standing Calf Raise Machine,Legs,90.0,lbs,20,,,,""
2024-12-20,Standing Calf Raise Machine,Legs,140.0,lbs,20,,,,""
2024-12-20,Standing Calf Raise Machine,Legs,140.0,lbs,16,,,,""
2024-12-20,Dumbbell Curl,Biceps,30.0,lbs,12,,,,""
2024-12-20,Dumbbell Hammer Curl,Biceps,35.0,lbs,10,,,,""
2024-12-20,Dumbbell Concentration Curl,Biceps,20.0,lbs,10,,,,""
2024-12-20,EZ-Bar Curl,Biceps,60.0,lbs,10,,,,""
2024-12-22,Barbell Squat,Legs,135.0,lbs,8,,,,""
2024-12-22,Barbell Squat,Legs,135.0,lbs,5,,,,""
2024-12-22,Barbell Squat,Legs,185.0,lbs,2,,,,""
2024-12-22,Barbell Squat,Legs,135.0,lbs,8,,,,""
2024-12-22,Flat Barbell Bench Press,Chest,135.0,lbs,6,,,,""
2024-12-22,Flat Barbell Bench Press,Chest,185.0,lbs,5,,,,""
2024-12-22,Flat Barbell Bench Press,Chest,225.0,lbs,4,,,,""
2024-12-22,Flat Barbell Bench Press,Chest,225.0,lbs,4,,,,""
2024-12-22,Flat Barbell Bench Press,Chest,225.0,lbs,3,,,,""
2024-12-22,Flat Barbell Bench Press,Chest,225.0,lbs,3,,,,""
2024-12-22,Flat Barbell Bench Press,Chest,225.0,lbs,3,,,,""
2024-12-22,Flat Barbell Bench Press,Chest,225.0,lbs,3,,,,""
2024-12-22,Flat Barbell Bench Press,Chest,225.0,lbs,3,,,,""
2024-12-22,Rope Push Down,Triceps,30.0,lbs,20,,,,""
2024-12-22,Rope Push Down,Triceps,35.0,lbs,15,,,,""
2024-12-22,Cable Overhead Triceps Extension,Triceps,35.0,lbs,12,,,,""
2024-12-22,Cable Overhead Triceps Extension,Triceps,35.0,lbs,12,,,,""
2024-12-22,Leg Press,Legs,200.0,lbs,12,,,,""
2024-12-22,Leg Press,Legs,290.0,lbs,10,,,,""
2024-12-22,Leg Press,Legs,290.0,lbs,10,,,,""
2024-12-22,Leg Press,Legs,340.0,lbs,8,,,,""
2024-12-22,Leg Press,Legs,340.0,lbs,10,,,,""
2024-12-22,Standing Calf Raise Machine,Legs,90.0,lbs,20,,,,""
2024-12-22,Standing Calf Raise Machine,Legs,180.0,lbs,15,,,,""
2024-12-22,Standing Calf Raise Machine,Legs,180.0,lbs,15,,,,""
2024-12-22,Standing Calf Raise Machine,Legs,90.0,lbs,30,,,,""
2024-12-22,Leg Extension Machine,Legs,110.0,lbs,15,,,,""
2024-12-22,Leg Extension Machine,Legs,110.0,lbs,15,,,,""
2024-12-22,Leg Extension Machine,Legs,130.0,lbs,12,,,,""
2024-12-22,Leg Extension Machine,Legs,130.0,lbs,10,,,,""
2024-12-22,Stiff-Legged Deadlift,Legs,135.0,lbs,8,,,,""
2024-12-22,Stiff-Legged Deadlift,Legs,185.0,lbs,7,,,,""
2024-12-22,Deadlift,Back,225.0,lbs,5,,,,""
2024-12-22,Deadlift,Back,275.0,lbs,3,,,,""
2024-12-22,Deadlift,Back,275.0,lbs,3,,,,""
2024-12-22,Deadlift,Back,225.0,lbs,5,,,,""
2024-12-25,Barbell Row,Back,95.0,lbs,12,,,,""
2024-12-25,Barbell Row,Back,135.0,lbs,10,,,,""
2024-12-25,Barbell Row,Back,185.0,lbs,7,,,,""
2024-12-25,Barbell Row,Back,185.0,lbs,6,,,,""
2024-12-25,Barbell Row,Back,185.0,lbs,6,,,,""
2024-12-25,Barbell Row,Back,205.0,lbs,5,,,,""
2024-12-25,Lat Pulldown,Back,160.0,lbs,8,,,,""
2024-12-25,Lat Pulldown,Back,180.0,lbs,8,,,,""
2024-12-25,Lat Pulldown,Back,200.0,lbs,5,,,,""
2024-12-25,Seated Cable Row,Back,160.0,lbs,10,,,,""
2024-12-25,Seated Cable Row,Back,180.0,lbs,8,,,,""
2024-12-25,Seated Cable Row,Back,200.0,lbs,5,,,,""
2024-12-25,Dumbbell Curl,Biceps,30.0,lbs,12,,,,""
2024-12-25,Dumbbell Curl,Biceps,35.0,lbs,10,,,,""
2024-12-25,Dumbbell Hammer Curl,Biceps,40.0,lbs,8,,,,""
2024-12-25,Dumbbell Hammer Curl,Biceps,35.0,lbs,10,,,,""
2024-12-25,Flat Barbell Bench Press,Chest,135.0,lbs,5,,,,""
2024-12-25,Flat Barbell Bench Press,Chest,185.0,lbs,5,,,,""
2024-12-25,Flat Barbell Bench Press,Chest,225.0,lbs,5,,,,""
2024-12-25,Flat Barbell Bench Press,Chest,225.0,lbs,5,,,,""
2024-12-25,Flat Barbell Bench Press,Chest,225.0,lbs,5,,,,""
2024-12-25,Flat Barbell Bench Press,Chest,225.0,lbs,5,,,,""
2024-12-25,Flat Barbell Bench Press,Chest,225.0,lbs,5,,,,""
2024-12-25,Flat Barbell Bench Press,Chest,205.0,lbs,6,,,,""
2024-12-25,Flat Barbell Bench Press,Chest,205.0,lbs,6,,,,""
2024-12-25,Decline Hammer Strength Chest Press,Chest,180.0,lbs,15,,,,""
2024-12-25,Decline Hammer Strength Chest Press,Chest,270.0,lbs,8,,,,""
2024-12-25,Decline Hammer Strength Chest Press,Chest,270.0,lbs,8,,,,""
2024-12-25,Rope Push Down,Triceps,30.0,lbs,20,,,,""
2024-12-25,Rope Push Down,Triceps,35.0,lbs,12,,,,""
2024-12-25,Cable Overhead Triceps Extension,Triceps,35.0,lbs,15,,,,""
2024-12-25,Cable Overhead Triceps Extension,Triceps,35.0,lbs,12,,,,""
2024-12-26,Barbell Squat,Legs,135.0,lbs,6,,,,""
2024-12-26,Barbell Squat,Legs,185.0,lbs,6,,,,""
2024-12-26,Barbell Squat,Legs,205.0,lbs,5,,,,""
2024-12-26,Barbell Squat,Legs,205.0,lbs,5,,,,""
2024-12-26,Barbell Squat,Legs,205.0,lbs,2,,,,""
2024-12-26,Barbell Squat,Legs,255.0,lbs,3,,,,""
2024-12-26,Barbell Squat,Legs,205.0,lbs,5,,,,""
2024-12-26,Barbell Squat,Legs,135.0,lbs,10,,,,""
2024-12-26,Barbell Squat,Legs,135.0,lbs,8,,,,""
2024-12-26,Leg Extension Machine,Legs,130.0,lbs,15,,,,""
2024-12-26,Leg Extension Machine,Legs,150.0,lbs,12,,,,""
2024-12-26,Leg Extension Machine,Legs,130.0,lbs,15,,,,""
2024-12-26,Standing Calf Raise Machine,Legs,90.0,lbs,25,,,,""
2024-12-26,Standing Calf Raise Machine,Legs,140.0,lbs,20,,,,""
2024-12-26,Standing Calf Raise Machine,Legs,140.0,lbs,20,,,,""
2024-12-29,Standing Calf Raise Machine,Legs,90.0,lbs,20,,,,""
2024-12-29,Standing Calf Raise Machine,Legs,140.0,lbs,20,,,,""
2024-12-29,Standing Calf Raise Machine,Legs,140.0,lbs,20,,,,""
2024-12-29,Seated Calf Raise Machine,Legs,90.0,lbs,12,,,,""
2024-12-29,Seated Calf Raise Machine,Legs,90.0,lbs,12,,,,""
2024-12-29,Seated Calf Raise Machine,Legs,90.0,lbs,12,,,,""
2024-12-29,Seated Leg Curl Machine,Legs,85.0,lbs,12,,,,""
2024-12-29,Seated Leg Curl Machine,Legs,85.0,lbs,10,,,,""
2024-12-29,Seated Leg Curl Machine,Legs,85.0,lbs,10,,,,""
2024-12-29,Barbell Row,Back,95.0,lbs,12,,,,""
2024-12-29,Barbell Row,Back,135.0,lbs,12,,,,""
2024-12-29,Barbell Row,Back,185.0,lbs,6,,,,""
2024-12-29,Barbell Row,Back,205.0,lbs,5,,,,""
2024-12-29,Barbell Row,Back,205.0,lbs,5,,,,""
2024-12-29,Barbell Row,Back,185.0,lbs,5,,,,""
2024-12-29,Barbell Row,Back,135.0,lbs,12,,,,""
2024-12-29,Lat Pulldown,Back,160.0,lbs,10,,,,""
2024-12-29,Lat Pulldown,Back,180.0,lbs,8,,,,""
2024-12-29,Lat Pulldown,Back,200.0,lbs,6,,,,""
2024-12-29,Dumbbell Curl,Biceps,40.0,lbs,8,,,,""
2024-12-29,Dumbbell Hammer Curl,Biceps,40.0,lbs,8,,,,""
2024-12-29,EZ-Bar Curl,Biceps,50.0,lbs,15,,,,""
2024-12-30,Flat Barbell Bench Press,Chest,135.0,lbs,6,,,,""
2024-12-30,Flat Barbell Bench Press,Chest,185.0,lbs,6,,,,""
2024-12-30,Flat Barbell Bench Press,Chest,225.0,lbs,5,,,,""
2024-12-30,Flat Barbell Bench Press,Chest,225.0,lbs,5,,,,""
2024-12-30,Flat Barbell Bench Press,Chest,205.0,lbs,8,,,,""
2024-12-30,Flat Barbell Bench Press,Chest,205.0,lbs,6,,,,""
2024-12-30,Flat Barbell Bench Press,Chest,205.0,lbs,6,,,,""
2024-12-30,Incline Hammer Strength Chest Press,Chest,90.0,lbs,12,,,,""
2024-12-30,Incline Hammer Strength Chest Press,Chest,90.0,lbs,12,,,,""
2024-12-30,Incline Hammer Strength Chest Press,Chest,90.0,lbs,12,,,,""
2024-12-30,Hack Squat Machine,Legs,90.0,lbs,15,,,,""
2024-12-30,Hack Squat Machine,Legs,180.0,lbs,12,,,,""
2024-12-30,Hack Squat Machine,Legs,180.0,lbs,15,,,,""
2024-12-30,Hack Squat Machine,Legs,230.0,lbs,12,,,,""
2024-12-30,Hack Squat Machine,Legs,230.0,lbs,12,,,,""
2024-12-30,Hack Squat Machine,Legs,230.0,lbs,12,,,,""
2025-01-01,Rope Push Down,Triceps,35.0,lbs,15,,,,""
2025-01-01,Cable Overhead Triceps Extension,Triceps,35.0,lbs,12,,,,""
2025-01-01,Close Grip Barbell Bench Press,Triceps,135.0,lbs,12,,,,""
2025-01-01,Rope Push Down,Triceps,35.0,lbs,17,,,,""
2025-01-01,Cable Overhead Triceps Extension,Triceps,35.0,lbs,12,,,,""
2025-01-01,Rope Push Down,Triceps,35.0,lbs,12,,,,""
2025-01-01,Cable Overhead Triceps Extension,Triceps,35.0,lbs,13,,,,""
2025-01-01,Dumbbell Concentration Curl,Biceps,25.0,lbs,15,,,,"Unilateral (2 arms, 2 sets)"
2025-01-01,Dumbbell Concentration Curl,Biceps,25.0,lbs,15,,,,""
2025-01-01,Dumbbell Hammer Curl,Biceps,35.0,lbs,12,,,,""
2025-01-01,EZ-Bar Curl,Biceps,70.0,lbs,12,,,,""
2025-01-01,EZ-Bar Curl,Biceps,70.0,lbs,8,,,,""
2025-01-01,Barbell Squat,Legs,135.0,lbs,6,,,,""
2025-01-01,Barbell Squat,Legs,185.0,lbs,6,,,,""
2025-01-01,Barbell Squat,Legs,205.0,lbs,6,,,,""
2025-01-01,Barbell Squat,Legs,225.0,lbs,5,,,,""
2025-01-01,Barbell Squat,Legs,135.0,lbs,8,,,,""
2025-01-01,Leg Extension Machine,Legs,130.0,lbs,12,,,,""
2025-01-01,Leg Extension Machine,Legs,150.0,lbs,12,,,,""
2025-01-01,Leg Extension Machine,Legs,170.0,lbs,10,,,,""
2025-01-02,Deadlift,Back,135.0,lbs,5,,,,""
2025-01-02,Deadlift,Back,185.0,lbs,8,,,,""
2025-01-02,Deadlift,Back,225.0,lbs,8,,,,""
2025-01-02,Deadlift,Back,275.0,lbs,5,,,,""
2025-01-02,Deadlift,Back,305.0,lbs,3,,,,""
2025-01-02,Deadlift,Back,275.0,lbs,3,,,,""
2025-01-02,Deadlift,Back,225.0,lbs,5,,,,""
2025-01-02,Lat Pulldown,Back,140.0,lbs,10,,,,""
2025-01-02,Lat Pulldown,Back,160.0,lbs,8,,,,""
2025-01-02,Lat Pulldown,Back,180.0,lbs,7,,,,""
2025-01-02,EZ-Bar Curl,Biceps,70.0,lbs,12,,,,""
2025-01-02,Dumbbell Curl,Biceps,35.0,lbs,8,,,,""
2025-01-05,Flat Barbell Bench Press,Chest,135.0,lbs,5,,,,""
2025-01-05,Flat Barbell Bench Press,Chest,135.0,lbs,5,,,,""
2025-01-05,Flat Barbell Bench Press,Chest,185.0,lbs,5,,,,""
2025-01-05,Flat Barbell Bench Press,Chest,225.0,lbs,3,,,,""
2025-01-05,Flat Barbell Bench Press,Chest,225.0,lbs,5,,,,""
2025-01-05,Flat Barbell Bench Press,Chest,225.0,lbs,3,,,,""
2025-01-05,Flat Barbell Bench Press,Chest,225.0,lbs,3,,,,""
2025-01-05,Flat Barbell Bench Press,Chest,225.0,lbs,3,,,,""
2025-01-05,Rear Delt Dumbbell Raise,Shoulders,15.0,lbs,12,,,,""
2025-01-05,Rear Delt Dumbbell Raise,Shoulders,15.0,lbs,15,,,,""
2025-01-05,Flat Barbell Bench Press,Chest,225.0,lbs,3,,,,""
2025-01-05,Flat Barbell Bench Press,Chest,225.0,lbs,3,,,,""
2025-01-05,Rear Delt Dumbbell Raise,Shoulders,15.0,lbs,15,,,,""
2025-01-05,Flat Barbell Bench Press,Chest,225.0,lbs,3,,,,""
2025-01-05,Flat Barbell Bench Press,Chest,225.0,lbs,3,,,,""
2025-01-05,Flat Barbell Bench Press,Chest,225.0,lbs,3,,,,""
2025-01-05,Rear Delt Dumbbell Raise,Shoulders,15.0,lbs,15,,,,""
2025-01-05,Cable Crossover,Chest,25.0,lbs,12,,,,""
2025-01-05,Cable Crossover,Chest,30.0,lbs,12,,,,""
2025-01-05,Cable Crossover,Chest,25.0,lbs,12,,,,""
2025-01-05,Rope Push Down,Triceps,25.0,lbs,25,,,,""
2025-01-05,Rope Push Down,Triceps,30.0,lbs,16,,,,""
2025-01-05,Rope Push Down,Triceps,35.0,lbs,15,,,,""
2025-01-05,Cable Overhead Triceps Extension,Triceps,35.0,lbs,15,,,,""
2025-01-05,Cable Overhead Triceps Extension,Triceps,35.0,lbs,15,,,,""
2025-01-05,Cable Overhead Triceps Extension,Triceps,35.0,lbs,15,,,,""
2025-01-06,Barbell Squat,Legs,135.0,lbs,8,,,,""
2025-01-06,Barbell Squat,Legs,185.0,lbs,7,,,,""
2025-01-06,Barbell Squat,Legs,225.0,lbs,6,,,,""
2025-01-06,Barbell Squat,Legs,225.0,lbs,5,,,,""
2025-01-06,Barbell Squat,Legs,225.0,lbs,3,,,,""
2025-01-06,Barbell Squat,Legs,225.0,lbs,3,,,,""
2025-01-06,Barbell Squat,Legs,225.0,lbs,4,,,,""
2025-01-06,Barbell Squat,Legs,185.0,lbs,6,,,,""
2025-01-06,Leg Extension Machine,Legs,130.0,lbs,12,,,,""
2025-01-06,Leg Extension Machine,Legs,150.0,lbs,12,,,,""
2025-01-06,Leg Extension Machine,Legs,170.0,lbs,10,,,,""
2025-01-06,Standing Calf Raise Machine,Legs,70.0,lbs,25,,,,""
2025-01-06,Standing Calf Raise Machine,Legs,160.0,lbs,20,,,,""
2025-01-06,Standing Calf Raise Machine,Legs,160.0,lbs,20,,,,""
2025-01-06,Dumbbell Curl,Biceps,40.0,lbs,10,,,,""
2025-01-06,Dumbbell Concentration Curl,Biceps,25.0,lbs,15,,,,"Left arm and right arm"
2025-01-08,Barbell Squat,Legs,135.0,lbs,8,,,,""
2025-01-08,Barbell Squat,Legs,185.0,lbs,8,,,,""
2025-01-08,Barbell Squat,Legs,225.0,lbs,5,,,,""
2025-01-08,Barbell Squat,Legs,225.0,lbs,5,,,,""
2025-01-08,Barbell Squat,Legs,225.0,lbs,4,,,,""
2025-01-08,Barbell Squat,Legs,225.0,lbs,3,,,,""
2025-01-08,Barbell Squat,Legs,225.0,lbs,5,,,,""
2025-01-08,Barbell Squat,Legs,225.0,lbs,3,,,,""
2025-01-08,Flat Barbell Bench Press,Chest,135.0,lbs,5,,,,""
2025-01-08,Flat Barbell Bench Press,Chest,185.0,lbs,5,,,,""
2025-01-08,Flat Barbell Bench Press,Chest,225.0,lbs,5,,,,""
2025-01-08,Flat Barbell Bench Press,Chest,245.0,lbs,3,,,,""
2025-01-08,Flat Barbell Bench Press,Chest,225.0,lbs,5,,,,""
2025-01-08,Flat Barbell Bench Press,Chest,225.0,lbs,5,,,,""
2025-01-08,Flat Barbell Bench Press,Chest,255.0,lbs,1,,,,""
2025-01-08,Flat Barbell Bench Press,Chest,205.0,lbs,6,,,,""
2025-01-08,Flat Barbell Bench Press,Chest,205.0,lbs,8,,,,""
2025-01-08,Decline Hammer Strength Chest Press,Chest,180.0,lbs,15,,,,""
2025-01-08,Decline Hammer Strength Chest Press,Chest,270.0,lbs,8,,,,""
2025-01-08,Decline Hammer Strength Chest Press,Chest,270.0,lbs,8,,,,""
2025-01-08,Standing Calf Raise Machine,Legs,90.0,lbs,25,,,,""
2025-01-08,Standing Calf Raise Machine,Legs,140.0,lbs,20,,,,""
2025-01-08,Standing Calf Raise Machine,Legs,140.0,lbs,20,,,,""
2025-01-09,Seated Leg Curl Machine,Legs,85.0,lbs,12,,,,""
2025-01-09,Deadlift,Back,135.0,lbs,5,,,,""
2025-01-09,Deadlift,Back,225.0,lbs,5,,,,""
2025-01-09,Deadlift,Back,275.0,lbs,5,,,,""
2025-01-09,Deadlift,Back,315.0,lbs,3,,,,""
2025-01-09,Deadlift,Back,365.0,lbs,2,,,,""
2025-01-09,Deadlift,Back,385.0,lbs,1,,,,""
2025-01-09,Deadlift,Back,225.0,lbs,8,,,,""
2025-01-09,Lat Pulldown,Back,140.0,lbs,12,,,,""
2025-01-09,Lat Pulldown,Back,160.0,lbs,10,,,,""
2025-01-09,Lat Pulldown,Back,180.0,lbs,7,,,,""
2025-01-09,Lat Pulldown,Back,200.0,lbs,4,,,,""
2025-01-09,Dumbbell Curl,Biceps,35.0,lbs,10,,,,""
2025-01-09,Dumbbell Hammer Curl,Biceps,30.0,lbs,10,,,,""
2025-01-09,Rear Delt Dumbbell Raise,Shoulders,20.0,lbs,12,,,,""
2025-01-09,Rear Delt Dumbbell Raise,Shoulders,20.0,lbs,12,,,,""
2025-01-11,Barbell Squat,Legs,135.0,lbs,5,,,,""
2025-01-11,Barbell Squat,Legs,185.0,lbs,6,,,,""
2025-01-11,Barbell Squat,Legs,225.0,lbs,6,,,,""
2025-01-11,Barbell Squat,Legs,275.0,lbs,1,,,,""
2025-01-11,Barbell Squat,Legs,295.0,lbs,1,,,,""
2025-01-11,Barbell Squat,Legs,275.0,lbs,1,,,,""
2025-01-11,Barbell Squat,Legs,245.0,lbs,3,,,,""
2025-01-11,Barbell Squat,Legs,245.0,lbs,3,,,,""
2025-01-11,Barbell Squat,Legs,245.0,lbs,3,,,,""
2025-01-11,Barbell Squat,Legs,225.0,lbs,5,,,,""
2025-01-11,Barbell Squat,Legs,225.0,lbs,5,,,,""
2025-01-11,Leg Extension Machine,Legs,130.0,lbs,12,,,,""
2025-01-11,Leg Extension Machine,Legs,150.0,lbs,12,,,,""
2025-01-11,Leg Extension Machine,Legs,170.0,lbs,10,,,,""
2025-01-11,Flat Barbell Bench Press,Chest,135.0,lbs,5,,,,""
2025-01-11,Flat Barbell Bench Press,Chest,185.0,lbs,5,,,,""
2025-01-11,Flat Barbell Bench Press,Chest,225.0,lbs,8,,,,""
2025-01-11,Flat Barbell Bench Press,Chest,245.0,lbs,4,,,,""
2025-01-11,Flat Barbell Bench Press,Chest,225.0,lbs,5,,,,""
2025-01-11,Flat Barbell Bench Press,Chest,225.0,lbs,6,,,,""
2025-01-11,Incline Hammer Strength Chest Press,Chest,90.0,lbs,15,,,,""
2025-01-11,Incline Hammer Strength Chest Press,Chest,180.0,lbs,8,,,,""
2025-01-11,Incline Hammer Strength Chest Press,Chest,180.0,lbs,8,,,,""
2025-01-11,Rope Push Down,Triceps,35.0,lbs,20,,,,""
2025-01-11,Cable Overhead Triceps Extension,Triceps,35.0,lbs,15,,,,""
2025-01-11,Cable Overhead Triceps Extension,Triceps,42.5,lbs,10,,,,""
2025-01-11,Rope Push Down,Triceps,42.5,lbs,10,,,,""
2025-01-11,Rope Push Down,Triceps,35.0,lbs,12,,,,""
2025-01-11,Cable Overhead Triceps Extension,Triceps,35.0,lbs,15,,,,""
2025-01-12,Deadlift,Back,135.0,lbs,5,,,,""
2025-01-12,Deadlift,Back,225.0,lbs,5,,,,""
2025-01-12,Deadlift,Back,295.0,lbs,3,,,,""
2025-01-12,Deadlift,Back,295.0,lbs,3,,,,""
2025-01-12,Deadlift,Back,295.0,lbs,3,,,,""
2025-01-12,Deadlift,Back,295.0,lbs,3,,,,""
2025-01-12,Deadlift,Back,295.0,lbs,3,,,,""
2025-01-12,Deadlift,Back,135.0,lbs,5,,,,"Snatch grip"
2025-01-12,Romanian Deadlift,Legs,135.0,lbs,8,,,,""
2025-01-12,Deadlift,Back,135.0,lbs,2,,,,"Snatch grip"
2025-01-12,Lat Pulldown,Back,140.0,lbs,12,,,,""
2025-01-12,Lat Pulldown,Back,160.0,lbs,10,,,,""
2025-01-12,Lat Pulldown,Back,180.0,lbs,8,,,,""
2025-01-15,Barbell Squat,Legs,135.0,lbs,8,,,,""
2025-01-15,Barbell Squat,Legs,185.0,lbs,6,,,,""
2025-01-15,Barbell Squat,Legs,225.0,lbs,5,,,,""
2025-01-15,Barbell Squat,Legs,275.0,lbs,2,,,,""
2025-01-15,Barbell Squat,Legs,245.0,lbs,3,,,,""
2025-01-15,Barbell Squat,Legs,245.0,lbs,5,,,,""
2025-01-15,Barbell Squat,Legs,245.0,lbs,5,,,,""
2025-01-15,Barbell Squat,Legs,225.0,lbs,5,,,,""
2025-01-15,Barbell Squat,Legs,225.0,lbs,3,,,,"ATG"
2025-01-15,Barbell Squat,Legs,225.0,lbs,5,,,,""
2025-01-15,Flat Barbell Bench Press,Chest,135.0,lbs,5,,,,""
2025-01-15,Flat Barbell Bench Press,Chest,205.0,lbs,5,,,,""
2025-01-15,Flat Barbell Bench Press,Chest,255.0,lbs,3,,,,""
2025-01-15,Rear Delt Dumbbell Raise,Shoulders,15.0,lbs,12,,,,""
2025-01-15,Rear Delt Dumbbell Raise,Shoulders,15.0,lbs,15,,,,""
2025-01-15,Flat Barbell Bench Press,Chest,225.0,lbs,6,,,,""
2025-01-15,Rear Delt Dumbbell Raise,Shoulders,15.0,lbs,12,,,,""
2025-01-15,Flat Barbell Bench Press,Chest,225.0,lbs,6,,,,""
2025-01-15,Flat Barbell Bench Press,Chest,225.0,lbs,6,,,,""
2025-01-15,Flat Barbell Bench Press,Chest,205.0,lbs,8,,,,""
2025-01-16,Standing Calf Raise Machine,Legs,50.0,lbs,25,,,,""
2025-01-16,Standing Calf Raise Machine,Legs,140.0,lbs,20,,,,""
2025-01-16,Standing Calf Raise Machine,Legs,140.0,lbs,17,,,,""
2025-01-16,Deadlift,Back,135.0,lbs,5,,,,""
2025-01-16,Deadlift,Back,225.0,lbs,5,,,,""
2025-01-16,Deadlift,Back,315.0,lbs,3,,,,""
2025-01-16,Deadlift,Back,365.0,lbs,1,,,,""
2025-01-16,Deadlift,Back,295.0,lbs,3,,,,""
2025-01-16,Deadlift,Back,225.0,lbs,5,,,,""
2025-01-16,Deadlift,Back,135.0,lbs,8,,,,""
2025-01-16,Barbell Row,Back,135.0,lbs,8,,,,""
2025-01-16,Barbell Row,Back,135.0,lbs,12,,,,""
2025-01-16,Lat Pulldown,Back,120.0,lbs,12,,,,""
2025-01-16,Lat Pulldown,Back,140.0,lbs,10,,,,""
2025-01-16,Lat Pulldown,Back,160.0,lbs,6,,,,""
2025-01-16,Seated Cable Row,Back,160.0,lbs,8,,,,""
2025-01-16,Seated Cable Row,Back,160.0,lbs,8,,,,""
2025-01-16,Seated Cable Row,Back,160.0,lbs,8,,,,""
2025-01-16,Dumbbell Curl,Biceps,35.0,lbs,10,,,,""
2025-01-16,Dumbbell Hammer Curl,Biceps,35.0,lbs,12,,,,""
2025-01-16,EZ-Bar Preacher Curl,Biceps,70.0,lbs,10,,,,""
2025-01-18,Flat Barbell Bench Press,Chest,135.0,lbs,5,,,,""
2025-01-18,Flat Barbell Bench Press,Chest,185.0,lbs,5,,,,""
2025-01-18,Flat Barbell Bench Press,Chest,225.0,lbs,5,,,,""
2025-01-18,Flat Barbell Bench Press,Chest,245.0,lbs,4,,,,""
2025-01-18,Flat Barbell Bench Press,Chest,245.0,lbs,3,,,,""
2025-01-18,Flat Barbell Bench Press,Chest,235.0,lbs,3,,,,""
2025-01-18,Flat Barbell Bench Press,Chest,235.0,lbs,3,,,,""
2025-01-18,Flat Barbell Bench Press,Chest,225.0,lbs,5,,,,""
2025-01-18,Flat Barbell Bench Press,Chest,225.0,lbs,5,,,,""
2025-01-18,Flat Barbell Bench Press,Chest,225.0,lbs,4,,,,""
2025-01-18,Flat Barbell Bench Press,Chest,225.0,lbs,3,,,,""
2025-01-18,Flat Barbell Bench Press,Chest,225.0,lbs,3,,,,""
2025-01-20,Barbell Squat,Legs,135.0,lbs,5,,,,""
2025-01-20,Barbell Squat,Legs,135.0,lbs,5,,,,""
2025-01-20,Barbell Squat,Legs,185.0,lbs,5,,,,""
2025-01-20,Barbell Squat,Legs,185.0,lbs,5,,,,""
2025-01-20,Barbell Squat,Legs,225.0,lbs,5,,,,""
2025-01-20,Barbell Squat,Legs,225.0,lbs,5,,,,""
2025-01-20,Barbell Squat,Legs,225.0,lbs,6,,,,""
2025-01-20,Flat Barbell Bench Press,Chest,135.0,lbs,5,,,,""
2025-01-20,Flat Barbell Bench Press,Chest,205.0,lbs,5,,,,""
2025-01-20,Flat Barbell Bench Press,Chest,225.0,lbs,5,,,,""
2025-01-20,Flat Barbell Bench Press,Chest,245.0,lbs,4,,,,""
2025-01-20,Flat Barbell Bench Press,Chest,225.0,lbs,6,,,,""
2025-01-20,Flat Barbell Bench Press,Chest,225.0,lbs,6,,,,""
2025-01-20,Leg Press,Legs,315.0,lbs,8,,,,""
2025-01-20,Leg Press,Legs,315.0,lbs,10,,,,""
2025-01-20,Flat Barbell Bench Press,Chest,225.0,lbs,5,,,,""
2025-01-20,Rope Push Down,Triceps,35.0,lbs,20,,,,""
2025-01-20,Cable Overhead Triceps Extension,Triceps,35.0,lbs,12,,,,""
2025-01-20,Rope Push Down,Triceps,35.0,lbs,12,,,,""
2025-01-20,Cable Overhead Triceps Extension,Triceps,30.0,lbs,12,,,,""
2025-01-20,Rope Push Down,Triceps,30.0,lbs,12,,,,""
2025-01-20,Cable Overhead Triceps Extension,Triceps,30.0,lbs,12,,,,""
2025-01-20,Standing Calf Raise Machine,Legs,90.0,lbs,20,,,,""
2025-01-20,Standing Calf Raise Machine,Legs,140.0,lbs,20,,,,""
2025-01-20,Standing Calf Raise Machine,Legs,140.0,lbs,18,,,,""
2025-01-22,Barbell Squat,Legs,135.0,lbs,8,,,,""
2025-01-22,Barbell Squat,Legs,185.0,lbs,6,,,,""
2025-01-22,Barbell Squat,Legs,225.0,lbs,5,,,,""
2025-01-22,Barbell Squat,Legs,185.0,lbs,5,,,,""
2025-01-22,Deadlift,Back,135.0,lbs,8,,,,""
2025-01-22,Deadlift,Back,225.0,lbs,5,,,,""
2025-01-22,Deadlift,Back,315.0,lbs,3,,,,""
2025-01-22,Deadlift,Back,315.0,lbs,3,,,,""
2025-01-22,Deadlift,Back,365.0,lbs,1,,,,""
2025-01-22,Deadlift,Back,365.0,lbs,1,,,,""
2025-01-22,Deadlift,Back,315.0,lbs,3,,,,""
2025-01-22,Deadlift,Back,225.0,lbs,5,,,,""
2025-01-22,Lat Pulldown,Back,120.0,lbs,15,,,,"Medium neutral grip 45degree"
2025-01-22,Lat Pulldown,Back,140.0,lbs,12,,,,""
2025-01-22,Lat Pulldown,Back,140.0,lbs,10,,,,""
2025-01-24,Flat Barbell Bench Press,Chest,135.0,lbs,5,,,,""
2025-01-24,Flat Barbell Bench Press,Chest,185.0,lbs,5,,,,""
2025-01-24,Flat Barbell Bench Press,Chest,225.0,lbs,5,,,,""
2025-01-24,Flat Barbell Bench Press,Chest,135.0,lbs,10,,,,""
2025-01-24,Flat Barbell Bench Press,Chest,135.0,lbs,12,,,,""
2025-01-24,Flat Barbell Bench Press,Chest,135.0,lbs,15,,,,""
2025-01-25,Hack Squat Machine,Legs,135.0,lbs,8,,,,""
2025-01-25,Hack Squat Machine,Legs,135.0,lbs,8,,,,""
2025-01-25,Hack Squat Machine,Legs,135.0,lbs,8,,,,""
2025-01-25,Hack Squat Machine,Legs,135.0,lbs,8,,,,""
2025-01-25,Leg Extension Machine,Legs,110.0,lbs,15,,,,""
2025-01-25,Leg Extension Machine,Legs,130.0,lbs,12,,,,""
2025-01-25,Leg Extension Machine,Legs,130.0,lbs,12,,,,""
2025-01-25,Romanian Deadlift,Legs,135.0,lbs,8,,,,""
2025-01-25,Romanian Deadlift,Legs,135.0,lbs,8,,,,""
2025-01-25,Romanian Deadlift,Legs,135.0,lbs,8,,,,""
2025-01-25,Rope Push Down,Triceps,30.0,lbs,20,,,,""
2025-01-25,V-Bar Push Down,Triceps,57.5,lbs,12,,,,""
2025-01-25,V-Bar Push Down,Triceps,57.5,lbs,15,,,,""
2025-01-25,V-Bar Push Down,Triceps,57.5,lbs,15,,,,""
2025-01-25,Rope Push Down,Triceps,35.0,lbs,15,,,,""
2025-01-25,Cable Overhead Triceps Extension,Triceps,35.0,lbs,12,,,,""
2025-01-25,Cable Overhead Triceps Extension,Triceps,35.0,lbs,15,,,,""
2025-01-25,Seated Calf Raise Machine,Legs,90.0,lbs,15,,,,""
2025-01-25,Seated Calf Raise Machine,Legs,90.0,lbs,15,,,,""
2025-01-25,Seated Calf Raise Machine,Legs,90.0,lbs,15,,,,""
2025-01-26,Deadlift,Back,135.0,lbs,8,,,,""
2025-01-26,Deadlift,Back,135.0,lbs,4,,,,""
2025-01-26,Deadlift,Back,225.0,lbs,5,,,,""
2025-01-26,Deadlift,Back,315.0,lbs,3,,,,""
2025-01-26,Deadlift,Back,315.0,lbs,2,,,,""
2025-01-26,Deadlift,Back,405.0,lbs,1,,,,""
2025-01-26,Deadlift,Back,315.0,lbs,5,,,,""
2025-01-26,Deadlift,Back,315.0,lbs,3,,,,""
2025-01-26,Deadlift,Back,315.0,lbs,3,,,,""
2025-01-26,Seated Cable Row,Back,100.0,lbs,15,,,,""
2025-01-26,Seated Cable Row,Back,140.0,lbs,12,,,,""
2025-01-26,Seated Cable Row,Back,160.0,lbs,12,,,,""
2025-01-26,Dumbbell Curl,Biceps,35.0,lbs,10,,,,""
2025-01-26,Dumbbell Curl,Biceps,40.0,lbs,8,,,,""
2025-01-26,Dumbbell Concentration Curl,Biceps,20.0,lbs,12,,,,""
2025-01-27,Standing Calf Raise Machine,Legs,90.0,lbs,20,,,,""
2025-01-27,Standing Calf Raise Machine,Legs,140.0,lbs,15,,,,""
2025-01-27,Standing Calf Raise Machine,Legs,140.0,lbs,15,,,,""
2025-01-27,Standing Calf Raise Machine,Legs,140.0,lbs,15,,,,""
2025-01-27,Flat Barbell Bench Press,Chest,135.0,lbs,5,,,,""
2025-01-27,Flat Barbell Bench Press,Chest,185.0,lbs,5,,,,""
2025-01-27,Flat Barbell Bench Press,Chest,205.0,lbs,5,,,,""
2025-01-27,Flat Barbell Bench Press,Chest,255.0,lbs,2,,,,""
2025-01-27,Flat Barbell Bench Press,Chest,255.0,lbs,3,,,,""
2025-01-27,Flat Barbell Bench Press,Chest,205.0,lbs,10,,,,""
2025-01-27,Flat Barbell Bench Press,Chest,205.0,lbs,8,,,,""
2025-01-27,Hack Squat Machine,Legs,135.0,lbs,4,,,,""
2025-01-29,Leg Extension Machine,Legs,70.0,lbs,15,,,,""
2025-01-29,Leg Extension Machine,Legs,85.0,lbs,6,,,,""
2025-01-29,Romanian Deadlift,Legs,95.0,lbs,8,,,,""
2025-01-29,Barbell Squat,Legs,135.0,lbs,8,,,,""
2025-01-29,Barbell Squat,Legs,185.0,lbs,5,,,,""
2025-01-29,Barbell Squat,Legs,225.0,lbs,3,,,,""
2025-01-29,Barbell Squat,Legs,275.0,lbs,2,,,,""
2025-01-29,Barbell Squat,Legs,295.0,lbs,1,,,,""
2025-01-29,Barbell Squat,Legs,225.0,lbs,6,,,,""
2025-01-29,Barbell Squat,Legs,185.0,lbs,8,,,,""
2025-01-29,Seated Calf Raise Machine,Legs,90.0,lbs,20,,,,""
2025-01-29,Seated Calf Raise Machine,Legs,90.0,lbs,15,,,,""
2025-01-29,Seated Calf Raise Machine,Legs,90.0,lbs,15,,,,""
2025-01-29,Hack Squat Machine,Legs,135.0,lbs,8,,,,""
2025-01-29,Leg Extension Machine,Legs,130.0,lbs,12,,,,""
2025-01-29,Hack Squat Machine,Legs,135.0,lbs,8,,,,""
2025-01-30,Flat Barbell Bench Press,Chest,95.0,lbs,6,,,,""
2025-01-30,Flat Barbell Bench Press,Chest,135.0,lbs,6,,,,""
2025-01-30,Flat Barbell Bench Press,Chest,185.0,lbs,5,,,,""
2025-01-30,Flat Barbell Bench Press,Chest,225.0,lbs,4,,,,""
2025-01-30,Flat Barbell Bench Press,Chest,255.0,lbs,2,,,,""
2025-01-30,Flat Barbell Bench Press,Chest,245.0,lbs,5,,,,""
2025-01-30,Flat Barbell Bench Press,Chest,245.0,lbs,4,,,,""
2025-01-30,Flat Barbell Bench Press,Chest,225.0,lbs,6,,,,""
2025-01-30,Flat Barbell Bench Press,Chest,225.0,lbs,5,,,,""
2025-01-30,Cable Crossover,Chest,25.0,lbs,12,,,,""
2025-01-30,Cable Crossover,Chest,30.0,lbs,10,,,,""
2025-01-30,Cable Crossover,Chest,35.0,lbs,10,,,,""
2025-01-30,V-Bar Push Down,Triceps,50.0,lbs,20,,,,""
2025-01-30,V-Bar Push Down,Triceps,65.0,lbs,18,,,,""
2025-01-30,V-Bar Push Down,Triceps,80.0,lbs,10,,,,""
2025-01-30,Rope Push Down,Triceps,30.0,lbs,15,,,,""
2025-01-30,Cable Overhead Triceps Extension,Triceps,30.0,lbs,15,,,,""
2025-01-30,Rope Push Down,Triceps,35.0,lbs,12,,,,""
2025-01-30,Cable Overhead Triceps Extension,Triceps,35.0,lbs,13,,,,""
2025-01-30,Rope Push Down,Triceps,35.0,lbs,12,,,,""
2025-01-30,Cable Overhead Triceps Extension,Triceps,35.0,lbs,15,,,,""
2025-01-31,Lat Pullover,Back,40.0,lbs,10,,,,""
2025-01-31,Lat Pullover,Back,50.0,lbs,5,,,,""
2025-01-31,Lat Pulldown,Back,120.0,lbs,12,,,,""
2025-01-31,Lat Pulldown,Back,140.0,lbs,8,,,,""
2025-01-31,Lat Pulldown,Back,160.0,lbs,6,,,,""
2025-01-31,Lat Pulldown,Back,160.0,lbs,6,,,,""
2025-01-31,Lat Pulldown,Back,120.0,lbs,12,,,,""
2025-01-31,Seated Cable Row,Back,140.0,lbs,12,,,,""
2025-01-31,Seated Cable Row,Back,140.0,lbs,12,,,,""
2025-01-31,Seated Cable Row,Back,140.0,lbs,12,,,,""
2025-01-31,Dumbbell Concentration Curl,Biceps,25.0,lbs,10,,,,""
2025-01-31,Dumbbell Hammer Curl,Biceps,35.0,lbs,8,,,,""
2025-02-01,Barbell Squat,Legs,45.0,lbs,5,,,,""
2025-02-01,Barbell Squat,Legs,95.0,lbs,5,,,,""
2025-02-01,Barbell Squat,Legs,135.0,lbs,6,,,,""
2025-02-01,Barbell Squat,Legs,185.0,lbs,6,,,,""
2025-02-01,Barbell Squat,Legs,225.0,lbs,6,,,,""
2025-02-01,Barbell Squat,Legs,275.0,lbs,3,,,,""
2025-02-01,Barbell Squat,Legs,275.0,lbs,2,,,,""
2025-02-01,Barbell Squat,Legs,225.0,lbs,5,,,,""
2025-02-01,Hack Squat Machine,Legs,135.0,lbs,8,,,,""
2025-02-01,Leg Press,Legs,315.0,lbs,10,,,,""
2025-02-01,Leg Press,Legs,405.0,lbs,8,,,,""
2025-02-01,Leg Extension Machine,Legs,130.0,lbs,12,,,,""
2025-02-01,Leg Extension Machine,Legs,150.0,lbs,10,,,,""
2025-02-01,Leg Extension Machine,Legs,170.0,lbs,8,,,,""
2025-02-02,Flat Barbell Bench Press,Chest,95.0,lbs,8,,,,""
2025-02-02,Flat Barbell Bench Press,Chest,135.0,lbs,6,,,,""
2025-02-02,Flat Barbell Bench Press,Chest,185.0,lbs,5,,,,""
2025-02-02,Flat Barbell Bench Press,Chest,225.0,lbs,5,,,,""
2025-02-02,Flat Barbell Bench Press,Chest,245.0,lbs,5,,,,""
2025-02-02,Flat Barbell Bench Press,Chest,245.0,lbs,4,,,,""
2025-02-02,Flat Barbell Bench Press,Chest,245.0,lbs,3,,,,""
2025-02-02,Flat Barbell Bench Press,Chest,225.0,lbs,6,,,,""
2025-02-02,Flat Barbell Bench Press,Chest,225.0,lbs,5,,,,""
2025-02-02,Flat Barbell Bench Press,Chest,225.0,lbs,6,,,,""
2025-02-02,Incline Hammer Strength Chest Press,Chest,225.0,lbs,8,,,,""
2025-02-02,Incline Hammer Strength Chest Press,Chest,225.0,lbs,8,,,,""
2025-02-02,Incline Hammer Strength Chest Press,Chest,225.0,lbs,8,,,,""
2025-02-02,Decline Hammer Strength Chest Press,Chest,315.0,lbs,8,,,,""
2025-02-02,Decline Hammer Strength Chest Press,Chest,405.0,lbs,7,,,,""
2025-02-02,Decline Hammer Strength Chest Press,Chest,315.0,lbs,10,,,,""
2025-02-05,Barbell Squat,Legs,135.0,lbs,6,,,,""
2025-02-05,Barbell Squat,Legs,185.0,lbs,5,,,,""
2025-02-05,Barbell Squat,Legs,225.0,lbs,5,,,,""
2025-02-05,Barbell Squat,Legs,275.0,lbs,3,,,,""
2025-02-05,Barbell Squat,Legs,225.0,lbs,5,,,,""
2025-02-05,Flat Barbell Bench Press,Chest,135.0,lbs,6,,,,""
2025-02-05,Flat Barbell Bench Press,Chest,185.0,lbs,5,,,,""
2025-02-05,Flat Barbell Bench Press,Chest,225.0,lbs,6,,,,""
2025-02-05,Dumbbell Curl,Biceps,30.0,lbs,10,,,,""
2025-02-07,Lat Pulldown,Back,120.0,lbs,9,,,,""
2025-02-07,Deadlift,Back,135.0,lbs,5,,,,""
2025-02-07,Deadlift,Back,225.0,lbs,5,,,,""
2025-02-07,Deadlift,Back,315.0,lbs,3,,,,""
2025-02-07,Deadlift,Back,405.0,lbs,1,,,,""
2025-02-07,Deadlift,Back,365.0,lbs,3,,,,""
2025-02-07,Deadlift,Back,315.0,lbs,5,,,,""
2025-02-07,Upright Row,Back,225.0,lbs,5,,,,""
2025-02-07,Deadlift,Back,225.0,lbs,2,,,,"Deficit"
2025-02-07,Upright Row,Back,225.0,lbs,5,,,,""
2025-02-07,Upright Row,Back,185.0,lbs,5,,,,""
2025-02-07,Seated Cable Row,Back,140.0,lbs,12,,,,""
2025-02-07,Seated Cable Row,Back,160.0,lbs,12,,,,""
2025-02-07,Seated Cable Row,Back,180.0,lbs,12,,,,""
2025-02-08,Barbell Squat,Legs,135.0,lbs,5,,,,""
2025-02-08,Barbell Squat,Legs,185.0,lbs,5,,,,""
2025-02-08,Barbell Squat,Legs,225.0,lbs,5,,,,""
2025-02-08,Barbell Squat,Legs,275.0,lbs,3,,,,""
2025-02-08,Barbell Squat,Legs,275.0,lbs,2,,,,""
2025-02-08,Barbell Squat,Legs,275.0,lbs,1,,,,""
2025-02-08,Barbell Squat,Legs,295.0,lbs,1,,,,""
2025-02-08,Barbell Squat,Legs,225.0,lbs,6,,,,""
2025-02-08,Flat Barbell Bench Press,Chest,135.0,lbs,3,,,,""
2025-02-08,Flat Barbell Bench Press,Chest,135.0,lbs,3,,,,""
2025-02-08,Flat Barbell Bench Press,Chest,135.0,lbs,8,,,,""
2025-02-08,Flat Barbell Bench Press,Chest,185.0,lbs,5,,,,""
2025-02-08,Flat Barbell Bench Press,Chest,225.0,lbs,5,,,,""
2025-02-08,Flat Barbell Bench Press,Chest,275.0,lbs,1,,,,""
2025-02-08,Flat Barbell Bench Press,Chest,245.0,lbs,5,,,,""
2025-02-08,Flat Barbell Bench Press,Chest,225.0,lbs,8,,,,""
2025-02-10,Deadlift,Back,135.0,lbs,6,,,,""
2025-02-10,Deadlift,Back,225.0,lbs,5,,,,""
2025-02-10,Deadlift,Back,315.0,lbs,3,,,,""
2025-02-10,Deadlift,Back,315.0,lbs,3,,,,""
2025-02-10,Deadlift,Back,365.0,lbs,1,,,,""
2025-02-10,Deadlift,Back,315.0,lbs,3,,,,""
2025-02-10,Deadlift,Back,315.0,lbs,3,,,,""
2025-02-10,Lat Pulldown,Back,120.0,lbs,12,,,,""
2025-02-10,Lat Pulldown,Back,140.0,lbs,10,,,,""
2025-02-10,Lat Pulldown,Back,168.0,lbs,6,,,,""
2025-02-14,Barbell Squat,Legs,45.0,lbs,8,,,,""
2025-02-14,Barbell Squat,Legs,135.0,lbs,8,,,,""
2025-02-14,Barbell Squat,Legs,185.0,lbs,5,,,,""
2025-02-14,Barbell Squat,Legs,205.0,lbs,5,,,,""
2025-02-14,Barbell Squat,Legs,255.0,lbs,1,,,,""
2025-02-14,Barbell Squat,Legs,205.0,lbs,5,,,,""
2025-02-14,Barbell Squat,Legs,205.0,lbs,5,,,,""
2025-02-15,Flat Barbell Bench Press,Chest,135.0,lbs,8,,,,""
2025-02-15,Flat Barbell Bench Press,Chest,185.0,lbs,6,,,,""
2025-02-15,Flat Barbell Bench Press,Chest,225.0,lbs,5,,,,""
2025-02-15,Flat Barbell Bench Press,Chest,245.0,lbs,3,,,,""
2025-02-15,Flat Barbell Bench Press,Chest,245.0,lbs,3,,,,""
2025-02-15,Flat Barbell Bench Press,Chest,245.0,lbs,3,,,,""
2025-02-15,Flat Barbell Bench Press,Chest,245.0,lbs,3,,,,""
2025-02-15,Flat Barbell Bench Press,Chest,245.0,lbs,3,,,,""
2025-02-15,Flat Barbell Bench Press,Chest,245.0,lbs,3,,,,""
2025-02-15,Flat Barbell Bench Press,Chest,245.0,lbs,3,,,,""
2025-02-15,V-Bar Push Down,Triceps,50.0,lbs,20,,,,""
2025-02-15,V-Bar Push Down,Triceps,65.0,lbs,12,,,,""
2025-02-15,V-Bar Push Down,Triceps,80.0,lbs,10,,,,""
2025-02-15,Rope Push Down,Triceps,35.0,lbs,12,,,,""
2025-02-15,Cable Overhead Triceps Extension,Triceps,35.0,lbs,12,,,,""
2025-02-15,Rope Push Down,Triceps,35.0,lbs,10,,,,""
2025-02-15,Cable Overhead Triceps Extension,Triceps,35.0,lbs,10,,,,""
2025-02-15,Barbell Squat,Legs,45.0,lbs,8,,,,""
2025-02-15,Barbell Squat,Legs,135.0,lbs,8,,,,""
2025-02-15,Barbell Squat,Legs,185.0,lbs,5,,,,""
2025-02-15,Barbell Squat,Legs,225.0,lbs,5,,,,""
2025-02-15,Barbell Squat,Legs,225.0,lbs,1,,,,""
2025-02-15,Barbell Squat,Legs,275.0,lbs,1,,,,""
2025-02-15,Barbell Squat,Legs,225.0,lbs,6,,,,""
2025-02-15,Barbell Squat,Legs,185.0,lbs,3,,,,""
2025-02-16,Deadlift,Back,135.0,lbs,6,,,,""
2025-02-16,Deadlift,Back,225.0,lbs,5,,,,""
2025-02-16,Deadlift,Back,315.0,lbs,3,,,,""
2025-02-16,Deadlift,Back,365.0,lbs,2,,,,""
2025-02-16,Deadlift,Back,405.0,lbs,0,,,,""
2025-02-16,Deadlift,Back,315.0,lbs,3,,,,""
2025-02-16,Deadlift,Back,225.0,lbs,5,,,,""
2025-02-16,Barbell Squat,Legs,45.0,lbs,5,,,,""
2025-02-16,Barbell Squat,Legs,135.0,lbs,8,,,,""
2025-02-16,Barbell Squat,Legs,205.0,lbs,5,,,,""
2025-02-16,Barbell Squat,Legs,255.0,lbs,3,,,,""
2025-02-16,Barbell Squat,Legs,205.0,lbs,5,,,,""
2025-02-16,Barbell Squat,Legs,205.0,lbs,5,,,,""
2025-02-16,Barbell Squat,Legs,135.0,lbs,5,,,,""
2025-02-16,Leg Extension Machine,Legs,100.0,lbs,12,,,,""
2025-02-16,Leg Extension Machine,Legs,115.0,lbs,12,,,,""
2025-02-16,Leg Extension Machine,Legs,130.0,lbs,12,,,,""
2025-02-16,Seated Calf Raise Machine,Legs,90.0,lbs,15,,,,""
2025-02-16,Seated Calf Raise Machine,Legs,90.0,lbs,15,,,,""
2025-02-16,Seated Calf Raise Machine,Legs,90.0,lbs,15,,,,""
2025-02-17,Flat Barbell Bench Press,Chest,135.0,lbs,8,,,,""
2025-02-17,Flat Barbell Bench Press,Chest,185.0,lbs,6,,,,""
2025-02-17,Flat Barbell Bench Press,Chest,225.0,lbs,5,,,,""
2025-02-17,Flat Barbell Bench Press,Chest,245.0,lbs,4,,,,""
2025-02-17,Flat Barbell Bench Press,Chest,245.0,lbs,4,,,,""
2025-02-17,Flat Barbell Bench Press,Chest,245.0,lbs,4,,,,""
2025-02-17,Flat Barbell Bench Press,Chest,245.0,lbs,4,,,,""
2025-02-17,Flat Barbell Bench Press,Chest,245.0,lbs,4,,,,""
2025-02-17,Flat Barbell Bench Press,Chest,245.0,lbs,4,,,,""
2025-02-19,Barbell Squat,Legs,45.0,lbs,5,,,,""
2025-02-19,Barbell Squat,Legs,135.0,lbs,6,,,,""
2025-02-19,Barbell Squat,Legs,185.0,lbs,5,,,,""
2025-02-19,Barbell Squat,Legs,225.0,lbs,5,,,,""
2025-02-19,Barbell Squat,Legs,275.0,lbs,3,,,,""
2025-02-19,Barbell Squat,Legs,275.0,lbs,3,,,,""
2025-02-19,Barbell Squat,Legs,275.0,lbs,2,,,,""
2025-02-19,Barbell Squat,Legs,275.0,lbs,2,,,,""
2025-02-19,Barbell Squat,Legs,225.0,lbs,5,,,,""
2025-02-22,Flat Barbell Bench Press,Chest,45.0,lbs,8,,,,"Warm-up"
2025-02-22,Flat Barbell Bench Press,Chest,135.0,lbs,7,,,,""
2025-02-22,Flat Barbell Bench Press,Chest,185.0,lbs,5,,,,""
2025-02-22,Flat Barbell Bench Press,Chest,205.0,lbs,4,,,,""
2025-02-22,Flat Barbell Bench Press,Chest,255.0,lbs,2,,,,""
2025-02-22,Flat Barbell Bench Press,Chest,255.0,lbs,2,,,,""
2025-02-22,Flat Barbell Bench Press,Chest,205.0,lbs,8,,,,""
2025-02-22,Flat Barbell Bench Press,Chest,225.0,lbs,8,,,,""
2025-02-22,Flat Barbell Bench Press,Chest,205.0,lbs,11,,,,""
2025-02-22,Deadlift,Back,135.0,lbs,5,,,,""
2025-02-22,Deadlift,Back,225.0,lbs,5,,,,""
2025-02-22,Deadlift,Back,315.0,lbs,3,,,,""
2025-02-22,Deadlift,Back,365.0,lbs,2,,,,""
2025-02-22,Deadlift,Back,365.0,lbs,1,,,,""
2025-02-22,Deadlift,Back,315.0,lbs,5,,,,""
2025-02-22,Deadlift,Back,315.0,lbs,3,,,,""
2025-02-23,Barbell Squat,Legs,135.0,lbs,5,,,,""
2025-02-23,Barbell Squat,Legs,135.0,lbs,8,,,,""
2025-02-23,Barbell Squat,Legs,185.0,lbs,5,,,,""
2025-02-23,Barbell Squat,Legs,225.0,lbs,5,,,,""
2025-02-23,Barbell Squat,Legs,275.0,lbs,3,,,,""
2025-02-23,Barbell Squat,Legs,295.0,lbs,1,,,,""
2025-02-23,Barbell Squat,Legs,295.0,lbs,1,,,,""
2025-02-23,Barbell Squat,Legs,275.0,lbs,1,,,,""
2025-02-25,Barbell Squat,Legs,135.0,lbs,8,,,,""
2025-02-25,Barbell Squat,Legs,225.0,lbs,5,,,,""
2025-02-25,Barbell Squat,Legs,275.0,lbs,4,,,,""
2025-02-25,Barbell Squat,Legs,275.0,lbs,3,,,,""
2025-02-25,Barbell Squat,Legs,275.0,lbs,2,,,,""
2025-02-25,Flat Barbell Bench Press,Chest,135.0,lbs,5,,,,""
2025-02-25,Flat Barbell Bench Press,Chest,135.0,lbs,5,,,,""
2025-02-25,Flat Barbell Bench Press,Chest,185.0,lbs,5,,,,""
2025-02-25,Flat Barbell Bench Press,Chest,225.0,lbs,5,,,,""
2025-02-25,Flat Barbell Bench Press,Chest,275.0,lbs,1,,,,""
2025-02-25,Flat Barbell Bench Press,Chest,255.0,lbs,2,,,,""
2025-02-25,Flat Barbell Bench Press,Chest,255.0,lbs,3,,,,""
2025-02-25,Flat Barbell Bench Press,Chest,255.0,lbs,3,,,,""
2025-02-25,Flat Barbell Bench Press,Chest,245.0,lbs,4,,,,""
2025-02-25,Flat Barbell Bench Press,Chest,225.0,lbs,6,,,,""
2025-02-28,Seated Leg Curl Machine,Legs,85.0,lbs,7,,,,""
2025-02-28,Deadlift,Back,135.0,lbs,5,,,,""
2025-02-28,Deadlift,Back,225.0,lbs,5,,,,""
2025-02-28,Deadlift,Back,315.0,lbs,3,,,,""
2025-02-28,Deadlift,Back,365.0,lbs,2,,,,""
2025-02-28,Deadlift,Back,315.0,lbs,3,,,,""
2025-02-28,Deadlift,Back,405.0,lbs,0,,,,"Missed"
2025-02-28,Deadlift,Back,315.0,lbs,3,,,,""
2025-02-28,Deadlift,Back,225.0,lbs,5,,,,"Pause deadlift"
2025-02-28,Deadlift,Back,315.0,lbs,1,,,,""
2025-02-28,Deadlift,Back,135.0,lbs,3,,,,"Practice"
2025-02-28,Barbell Squat,Legs,135.0,lbs,8,,,,""
2025-02-28,Barbell Squat,Legs,225.0,lbs,6,,,,""
2025-02-28,Barbell Squat,Legs,315.0,lbs,2,,,,"Shallow, 3/4 squat"
2025-02-28,Lat Pulldown,Back,120.0,lbs,12,,,,""
2025-02-28,Lat Pulldown,Back,140.0,lbs,10,,,,""
2025-02-28,Dumbbell Curl,Biceps,35.0,lbs,8,,,,""
2025-03-01,Flat Barbell Bench Press,Chest,135.0,lbs,5,,,,""
2025-03-01,Flat Barbell Bench Press,Chest,185.0,lbs,5,,,,""
2025-03-01,Flat Barbell Bench Press,Chest,225.0,lbs,5,,,,""
2025-03-01,Flat Barbell Bench Press,Chest,255.0,lbs,3,,,,""
2025-03-01,Flat Barbell Bench Press,Chest,255.0,lbs,3,,,,""
2025-03-01,Flat Barbell Bench Press,Chest,255.0,lbs,3,,,,""
2025-03-01,Flat Barbell Bench Press,Chest,245.0,lbs,5,,,,""
2025-03-01,Flat Barbell Bench Press,Chest,225.0,lbs,8,,,,""
2025-03-01,Barbell Squat,Legs,135.0,lbs,8,,,,""
2025-03-01,Barbell Squat,Legs,225.0,lbs,5,,,,""
2025-03-01,Barbell Squat,Legs,275.0,lbs,3,,,,""
2025-03-01,Barbell Squat,Legs,315.0,lbs,2,,,,""
2025-03-01,Leg Extension Machine,Legs,130.0,lbs,12,,,,""
2025-03-01,Leg Extension Machine,Legs,150.0,lbs,12,,,,""
2025-03-01,Leg Extension Machine,Legs,170.0,lbs,12,,,,""
2025-03-01,Standing Calf Raise Machine,Legs,90.0,lbs,20,,,,""
2025-03-01,Standing Calf Raise Machine,Legs,180.0,lbs,20,,,,""
2025-03-01,Standing Calf Raise Machine,Legs,180.0,lbs,20,,,,""
2025-03-03,Barbell Squat,Legs,135.0,lbs,8,,,,""
2025-03-03,Barbell Squat,Legs,225.0,lbs,5,,,,""
2025-03-03,Barbell Squat,Legs,275.0,lbs,3,,,,""
2025-03-03,Barbell Squat,Legs,315.0,lbs,1,,,,""
2025-03-03,Barbell Squat,Legs,275.0,lbs,3,,,,""
2025-03-03,Lat Pulldown,Back,120.0,lbs,12,,,,""
2025-03-03,Pull Up,Back,215.0,lbs,5,,,,"Neutral grip"
2025-03-03,Pull Up,Back,215.0,lbs,5,,,,""
2025-03-03,Rope Push Down,Triceps,35.0,lbs,15,,,,""
2025-03-03,V-Bar Push Down,Triceps,57.5,lbs,12,,,,""
2025-03-03,EZ-Bar Curl,Biceps,80.0,lbs,8,,,,""
2025-03-04,Flat Barbell Bench Press,Chest,135.0,lbs,5,,,,""
2025-03-04,Flat Barbell Bench Press,Chest,185.0,lbs,5,,,,""
2025-03-04,Flat Barbell Bench Press,Chest,225.0,lbs,3,,,,""
2025-03-04,Flat Barbell Bench Press,Chest,275.0,lbs,1,,,,""
2025-03-04,Flat Barbell Bench Press,Chest,275.0,lbs,1,,,,""
2025-03-04,Flat Barbell Bench Press,Chest,245.0,lbs,3,,,,""
2025-03-05,Barbell Squat,Legs,135.0,lbs,8,,,,""
2025-03-05,Barbell Squat,Legs,225.0,lbs,5,,,,""
2025-03-05,Barbell Squat,Legs,275.0,lbs,5,,,,""
2025-03-05,Barbell Squat,Legs,275.0,lbs,4,,,,""
2025-03-05,Barbell Squat,Legs,275.0,lbs,3,,,,""
2025-03-05,Barbell Squat,Legs,275.0,lbs,2,,,,""
2025-03-05,Barbell Squat,Legs,275.0,lbs,1,,,,""
2025-03-05,Deadlift,Back,135.0,lbs,5,,,,""
2025-03-05,Deadlift,Back,225.0,lbs,3,,,,""
2025-03-05,Deadlift,Back,315.0,lbs,3,,,,""
2025-03-05,Deadlift,Back,365.0,lbs,2,,,,""
2025-03-05,Deadlift,Back,365.0,lbs,2,,,,""
2025-03-05,Deadlift,Back,315.0,lbs,5,,,,""
2025-03-08,Flat Barbell Bench Press,Chest,135.0,lbs,5,,,,""
2025-03-08,Pull Up,Back,215.0,lbs,5,,,,""
2025-03-08,Flat Barbell Bench Press,Chest,205.0,lbs,5,,,,""
2025-03-08,Flat Barbell Bench Press,Chest,255.0,lbs,4,,,,""
2025-03-08,Flat Barbell Bench Press,Chest,275.0,lbs,2,,,,""
2025-03-08,Flat Barbell Bench Press,Chest,255.0,lbs,3,,,,""
2025-03-08,Flat Barbell Bench Press,Chest,255.0,lbs,3,,,,""
2025-03-08,Flat Barbell Bench Press,Chest,255.0,lbs,3,,,,""
2025-03-08,Flat Barbell Bench Press,Chest,225.0,lbs,8,,,,""
2025-03-08,Barbell Squat,Legs,135.0,lbs,8,,,,""
2025-03-08,Barbell Squat,Legs,225.0,lbs,5,,,,""
2025-03-08,Barbell Squat,Legs,275.0,lbs,5,,,,""
2025-03-08,Barbell Squat,Legs,315.0,lbs,3,,,,""
2025-03-08,Barbell Squat,Legs,315.0,lbs,2,,,,""
2025-03-08,Barbell Squat,Legs,315.0,lbs,1,,,,""
2025-03-09,Barbell Row,Back,135.0,lbs,10,,,,""
2025-03-09,Barbell Row,Back,185.0,lbs,8,,,,""
2025-03-09,Barbell Row,Back,225.0,lbs,5,,,,""
2025-03-09,Barbell Row,Back,225.0,lbs,5,,,,""
2025-03-09,Barbell Row,Back,225.0,lbs,5,,,,""
2025-03-09,Lat Pulldown,Back,120.0,lbs,12,,,,""
2025-03-09,Lat Pulldown,Back,140.0,lbs,12,,,,""
2025-03-09,Lat Pulldown,Back,160.0,lbs,8,,,,""
2025-03-09,Lat Pulldown,Back,180.0,lbs,6,,,,""
2025-03-11,Barbell Squat,Legs,135.0,lbs,8,,,,""
2025-03-11,Barbell Squat,Legs,225.0,lbs,5,,,,""
2025-03-11,Barbell Squat,Legs,275.0,lbs,3,,,,""
2025-03-11,Barbell Squat,Legs,275.0,lbs,3,,,,""
2025-03-11,Barbell Squat,Legs,275.0,lbs,3,,,,""
2025-03-11,Barbell Squat,Legs,315.0,lbs,1,,,,""
2025-03-11,Flat Barbell Bench Press,Chest,135.0,lbs,8,,,,""
2025-03-11,Flat Barbell Bench Press,Chest,205.0,lbs,5,,,,""
2025-03-11,Flat Barbell Bench Press,Chest,255.0,lbs,3,,,,""
2025-03-11,Flat Barbell Bench Press,Chest,275.0,lbs,1,,,,""
2025-03-11,Flat Barbell Bench Press,Chest,255.0,lbs,3,,,,""
2025-03-11,Flat Barbell Bench Press,Chest,255.0,lbs,3,,,,""
2025-03-14,Deadlift,Back,135.0,lbs,5,,,,""
2025-03-14,Deadlift,Back,225.0,lbs,5,,,,""
2025-03-14,Deadlift,Back,315.0,lbs,3,,,,""
2025-03-14,Deadlift,Back,365.0,lbs,2,,,,""
2025-03-14,Deadlift,Back,365.0,lbs,2,,,,""
2025-03-14,Deadlift,Back,315.0,lbs,5,,,,""
2025-03-14,Deadlift,Back,315.0,lbs,3,,,,""
2025-03-14,Barbell Row,Back,225.0,lbs,5,,,,""
2025-03-14,Barbell Row,Back,185.0,lbs,8,,,,""
2025-03-14,Barbell Row,Back,185.0,lbs,5,,,,""
2025-03-14,Pendlay Row,Back,185.0,lbs,5,,,,""
2025-03-14,Pendlay Row,Back,185.0,lbs,5,,,,""
2025-03-14,Lat Pulldown,Back,160.0,lbs,8,,,,""
2025-03-14,Lat Pulldown,Back,160.0,lbs,8,,,,""
2025-03-14,Lat Pulldown,Back,180.0,lbs,5,,,,""
2025-03-14,Seated Cable Row,Back,180.0,lbs,8,,,,""
2025-03-14,Seated Cable Row,Back,180.0,lbs,7,,,,""
2025-03-14,Seated Cable Row,Back,200.0,lbs,5,,,,""
2025-03-14,Dumbbell Curl,Biceps,35.0,lbs,8,,,,""
2025-03-14,EZ-Bar Preacher Curl,Biceps,90.0,lbs,5,,,,""
2025-03-15,Barbell Squat,Legs,135.0,lbs,8,,,,""
2025-03-15,Barbell Squat,Legs,225.0,lbs,5,,,,""
2025-03-15,Barbell Squat,Legs,275.0,lbs,3,,,,""
2025-03-15,Barbell Squat,Legs,315.0,lbs,3,,,,""
2025-03-15,Barbell Squat,Legs,315.0,lbs,1,,,,""
2025-03-15,Barbell Squat,Legs,315.0,lbs,0,,,,"Static hold for 10 secs train CNS"
2025-03-15,Barbell Squat,Legs,315.0,lbs,2,,,,""
2025-03-15,Barbell Squat,Legs,275.0,lbs,3,,,,""
2025-03-15,Barbell Squat,Legs,275.0,lbs,3,,,,""
2025-03-15,Flat Barbell Bench Press,Chest,135.0,lbs,6,,,,""
2025-03-15,Flat Barbell Bench Press,Chest,205.0,lbs,5,,,,""
2025-03-15,Flat Barbell Bench Press,Chest,255.0,lbs,4,,,,""
2025-03-15,Flat Barbell Bench Press,Chest,255.0,lbs,3,,,,""
2025-03-15,Flat Barbell Bench Press,Chest,255.0,lbs,3,,,,""
2025-03-15,Flat Barbell Bench Press,Chest,225.0,lbs,7,,,,""
2025-03-15,Flat Barbell Bench Press,Chest,225.0,lbs,5,,,,""
2025-03-21,Flat Barbell Bench Press,Chest,135.0,lbs,4,,,,""
2025-03-21,Flat Barbell Bench Press,Chest,135.0,lbs,5,,,,""
2025-03-21,Flat Barbell Bench Press,Chest,185.0,lbs,5,,,,""
2025-03-21,Flat Barbell Bench Press,Chest,225.0,lbs,5,,,,""
2025-03-21,Flat Barbell Bench Press,Chest,255.0,lbs,3,,,,""
2025-03-21,Flat Barbell Bench Press,Chest,255.0,lbs,3,,,,""
2025-03-21,Flat Barbell Bench Press,Chest,255.0,lbs,3,,,,""
2025-03-21,Flat Barbell Bench Press,Chest,275.0,lbs,1,,,,""
2025-03-21,Flat Barbell Bench Press,Chest,275.0,lbs,1,,,,""
2025-03-21,Flat Barbell Bench Press,Chest,275.0,lbs,2,,,,""
2025-03-21,Flat Barbell Bench Press,Chest,255.0,lbs,3,,,,""
2025-03-21,Lateral Dumbbell Raise,Shoulders,15.0,lbs,12,,,,""
2025-03-21,Lateral Dumbbell Raise,Shoulders,15.0,lbs,15,,,,""
2025-03-21,Lateral Dumbbell Raise,Shoulders,15.0,lbs,15,,,,""
2025-03-21,Rope Push Down,Triceps,30.0,lbs,20,,,,""
2025-03-21,Rope Push Down,Triceps,42.5,lbs,8,,,,""
2025-03-21,Cable Overhead Triceps Extension,Triceps,42.5,lbs,12,,,,""
2025-03-21,Cable Overhead Triceps Extension,Triceps,42.5,lbs,10,,,,""
2025-03-21,Rope Push Down,Triceps,35.0,lbs,10,,,,""
2025-03-21,Leg Extension Machine,Legs,110.0,lbs,15,,,,""
2025-03-21,Leg Extension Machine,Legs,130.0,lbs,10,,,,""
2025-03-21,Seated Leg Curl Machine,Legs,70.0,lbs,15,,,,""
2025-03-21,Seated Leg Curl Machine,Legs,85.0,lbs,12,,,,""
2025-03-21,Barbell Squat,Legs,135.0,lbs,8,,,,""
2025-03-21,Barbell Squat,Legs,185.0,lbs,5,,,,""
2025-03-21,Barbell Squat,Legs,225.0,lbs,5,,,,""
2025-03-21,Barbell Squat,Legs,275.0,lbs,3,,,,""
2025-03-21,Leg Press,Legs,245.0,lbs,12,,,,""
2025-03-21,Leg Press,Legs,335.0,lbs,8,,,,""
2025-03-21,Leg Press,Legs,335.0,lbs,8,,,,""
2025-03-21,Leg Press,Legs,335.0,lbs,8,,,,""
2025-03-28,Deadlift,Back,135.0,lbs,5,,,,""
2025-03-28,Deadlift,Back,225.0,lbs,5,,,,""
2025-03-28,Barbell Row,Back,135.0,lbs,8,,,,""
2025-03-28,Barbell Row,Back,135.0,lbs,8,,,,""
2025-03-28,Seated Cable Row,Back,90.0,lbs,12,,,,"Machine seated row"
2025-03-28,Seated Cable Row,Back,90.0,lbs,12,,,,"States machine row."
2025-03-28,Lat Pulldown,Back,120.0,lbs,12,,,,""
2025-03-28,Lat Pulldown,Back,120.0,lbs,12,,,,""
2025-03-29,Flat Barbell Bench Press,Chest,135.0,lbs,8,,,,""
2025-03-29,Rear Delt Dumbbell Raise,Shoulders,15.0,lbs,15,,,,""
2025-03-29,Lat Pulldown,Back,140.0,lbs,8,,,,""
2025-03-29,Flat Barbell Bench Press,Chest,205.0,lbs,5,,,,""
2025-03-29,Flat Barbell Bench Press,Chest,255.0,lbs,5,,,,""
2025-03-29,Flat Barbell Bench Press,Chest,275.0,lbs,2,,,,""
2025-03-29,Rear Delt Dumbbell Raise,Shoulders,15.0,lbs,15,,,,""
2025-03-29,Flat Barbell Bench Press,Chest,255.0,lbs,3,,,,""
2025-03-29,Flat Barbell Bench Press,Chest,205.0,lbs,10,,,,""
2025-03-29,Seated Dumbbell Press,Shoulders,50.0,lbs,8,,,,""
2025-03-29,Seated Dumbbell Press,Shoulders,60.0,lbs,7,,,,""
2025-03-29,Leg Extension Machine,Legs,110.0,lbs,15,,,,""
2025-03-29,Lateral Machine Raise,Shoulders,20.0,lbs,12,,,,""
2025-03-29,Lateral Machine Raise,Shoulders,20.0,lbs,12,,,,""
2025-03-29,Lateral Machine Raise,Shoulders,20.0,lbs,12,,,,""
2025-03-31,Barbell Squat,Legs,135.0,lbs,8,,,,""
2025-03-31,Barbell Squat,Legs,135.0,lbs,5,,,,"High bar"
2025-03-31,Barbell Squat,Legs,225.0,lbs,5,,,,""
2025-03-31,Barbell Squat,Legs,275.0,lbs,3,,,,""
2025-03-31,Barbell Squat,Legs,275.0,lbs,3,,,,""
2025-03-31,Barbell Squat,Legs,225.0,lbs,5,,,,""
2025-03-31,Leg Extension Machine,Legs,130.0,lbs,12,,,,""
2025-03-31,Leg Extension Machine,Legs,150.0,lbs,10,,,,""
2025-03-31,Leg Extension Machine,Legs,170.0,lbs,10,,,,""
2025-04-03,Barbell Squat,Legs,135.0,lbs,8,,,,""
2025-04-03,Barbell Squat,Legs,225.0,lbs,6,,,,""
2025-04-03,Barbell Squat,Legs,225.0,lbs,5,,,,""
2025-04-03,Barbell Squat,Legs,225.0,lbs,5,,,,""
2025-04-03,Barbell Squat,Legs,275.0,lbs,3,,,,""
2025-04-03,Leg Extension Machine,Legs,130.0,lbs,12,,,,""
2025-04-03,Leg Extension Machine,Legs,150.0,lbs,10,,,,""
2025-04-03,Leg Extension Machine,Legs,170.0,lbs,10,,,,""
2025-04-06,Flat Barbell Bench Press,Chest,135.0,lbs,8,,,,""
2025-04-06,Flat Barbell Bench Press,Chest,225.0,lbs,5,,,,""
2025-04-06,Seated Dumbbell Lateral Raise,Shoulders,15.0,lbs,12,,,,""
2025-04-06,Flat Barbell Bench Press,Chest,225.0,lbs,5,,,,""
2025-04-06,Flat Barbell Bench Press,Chest,275.0,lbs,1,,,,""
2025-04-06,Flat Barbell Bench Press,Chest,255.0,lbs,3,,,,""
2025-04-06,Flat Barbell Bench Press,Chest,245.0,lbs,3,,,,""
2025-04-06,Flat Barbell Bench Press,Chest,245.0,lbs,3,,,,""
2025-04-06,Flat Barbell Bench Press,Chest,245.0,lbs,3,,,,""
2025-04-06,Incline Hammer Strength Chest Press,Chest,135.0,lbs,12,,,,""
2025-04-06,Incline Hammer Strength Chest Press,Chest,225.0,lbs,8,,,,""
2025-04-06,Incline Hammer Strength Chest Press,Chest,275.0,lbs,5,,,,""
2025-04-06,Hammer Strength Shoulder Press,Shoulders,135.0,lbs,8,,,,""
2025-04-06,Hammer Strength Shoulder Press,Shoulders,135.0,lbs,10,,,,""
2025-04-06,Hammer Strength Shoulder Press,Shoulders,135.0,lbs,12,,,,""
2025-04-07,Deadlift,Back,115.0,lbs,5,,,,""
2025-04-07,Deadlift,Back,205.0,lbs,5,,,,""
2025-04-07,Deadlift,Back,205.0,lbs,5,,,,""
2025-04-07,Deadlift,Back,205.0,lbs,5,,,,""
2025-04-07,Deadlift,Back,255.0,lbs,5,,,,""
2025-04-07,Deadlift,Back,255.0,lbs,5,,,,""
2025-04-12,Flat Barbell Bench Press,Chest,135.0,lbs,8,,,,""
2025-04-12,Flat Barbell Bench Press,Chest,225.0,lbs,7,,,,""
2025-04-12,Flat Barbell Bench Press,Chest,225.0,lbs,7,,,,""
2025-04-12,Flat Barbell Bench Press,Chest,225.0,lbs,6,,,,""
2025-04-12,Decline Hammer Strength Chest Press,Chest,225.0,lbs,12,,,,""
2025-04-12,Decline Hammer Strength Chest Press,Chest,315.0,lbs,12,,,,""
2025-04-12,Decline Hammer Strength Chest Press,Chest,405.0,lbs,8,,,,""
2025-04-12,Incline Hammer Strength Chest Press,Chest,225.0,lbs,6,,,,""
2025-04-12,Incline Hammer Strength Chest Press,Chest,185.0,lbs,8,,,,""
2025-04-12,Incline Hammer Strength Chest Press,Chest,185.0,lbs,10,,,,""
2025-04-12,Barbell Squat,Legs,135.0,lbs,5,,,,""
2025-04-12,Barbell Squat,Legs,225.0,lbs,5,,,,""
2025-04-12,Barbell Squat,Legs,225.0,lbs,5,,,,""
2025-04-12,Barbell Squat,Legs,275.0,lbs,3,,,,""
2025-04-12,Rope Push Down,Triceps,30.0,lbs,20,,,,""
2025-04-12,Dumbbell Overhead Triceps Extension,Triceps,30.0,lbs,10,,,,""
2025-04-12,Dumbbell Overhead Triceps Extension,Triceps,30.0,lbs,10,,,,""
2025-04-12,Rope Push Down,Triceps,30.0,lbs,12,,,,""
2025-04-12,Rope Push Down,Triceps,30.0,lbs,12,,,,"Burn out set"
2025-12-09,Flat Barbell Bench Press,Chest,115.0,lbs,8,,,,""
2025-12-09,Flat Barbell Bench Press,Chest,135.0,lbs,5,,,,""
2025-12-09,Flat Barbell Bench Press,Chest,135.0,lbs,5,,,,""
2025-12-09,Flat Barbell Bench Press,Chest,135.0,lbs,6,,,,""
2025-12-09,Triceps Press Nautilus,Triceps,120.0,lbs,8,,,,""
2025-12-09,Triceps Press Nautilus,Triceps,100.0,lbs,12,,,,""
2025-12-09,Triceps Press Nautilus,Triceps,100.0,lbs,12,,,,""
2025-12-09,Seated Dumbbell Press,Shoulders,30.0,lbs,8,,,,""
2025-12-09,Seated Dumbbell Press,Shoulders,30.0,lbs,8,,,,""
2025-12-09,Seated Dumbbell Press,Shoulders,30.0,lbs,8,,,,""
2025-12-28,Incline Hammer Strength Chest Press,Chest,80.0,lbs,10,,,,""
2025-12-28,Incline Hammer Strength Chest Press,Chest,80.0,lbs,10,,,,""
2025-12-28,Incline Hammer Strength Chest Press,Chest,80.0,lbs,10,,,,""
2025-12-28,Lat Pulldown,Back,100.0,lbs,15,,,,""
2025-12-28,Lat Pulldown,Back,120.0,lbs,12,,,,""
2025-12-28,Lat Pulldown,Back,150.0,lbs,8,,,,""
2025-12-28,Leg Extension Machine,Legs,80.0,lbs,12,,,,""
2025-12-28,Leg Extension Machine,Legs,80.0,lbs,12,,,,""
2025-12-28,Leg Extension Machine,Legs,80.0,lbs,12,,,,""
2025-12-28,V-Bar Push Down,Triceps,40.0,lbs,12,,,,""
2025-12-28,Triceps Press Nautilus,Triceps,120.0,lbs,12,,,,""
2025-12-28,Triceps Press Nautilus,Triceps,150.0,lbs,8,,,,""
2025-12-28,Seated Machine Fly,Chest,60.0,lbs,8,,,,""
2025-12-28,Seated Machine Fly,Chest,60.0,lbs,8,,,,""
2025-12-28,Overhead Press,Shoulders,70.0,lbs,12,,,,""
2025-12-28,Overhead Press,Shoulders,70.0,lbs,12,,,,""
2025-12-28,Overhead Press,Shoulders,70.0,lbs,12,,,,""
2026-03-13,Incline Hammer Strength Chest Press,Chest,70.0,lbs,10,,,,""
2026-03-13,Incline Hammer Strength Chest Press,Chest,80.0,lbs,8,,,,""
2026-03-13,Incline Hammer Strength Chest Press,Chest,80.0,lbs,12,,,,"Amrap"
2026-03-13,Seated Machine Fly,Chest,40.0,lbs,10,,,,""
2026-03-13,Seated Machine Fly,Chest,40.0,lbs,12,,,,""
2026-03-13,Seated Machine Fly,Chest,60.0,lbs,10,,,,""
2026-03-13,Seated Dumbbell Press,Shoulders,25.0,lbs,12,,,,""
2026-03-13,Seated Dumbbell Press,Shoulders,25.0,lbs,12,,,,""
2026-03-13,Seated Dumbbell Press,Shoulders,25.0,lbs,12,,,,""
2026-03-21,Leg Extension Machine,Legs,60.0,lbs,10,,,,""
2026-03-21,Leg Extension Machine,Legs,60.0,lbs,12,,,,""
2026-03-21,Flat Barbell Bench Press,Chest,100.0,lbs,12,,,,"Machine"
2026-03-21,Flat Barbell Bench Press,Chest,120.0,lbs,8,,,,"Machine"
2026-03-21,Flat Barbell Bench Press,Chest,140.0,lbs,8,,,,"Machine"
2026-03-21,Barbell Squat,Legs,95.0,lbs,6,,,,""
2026-03-21,Barbell Squat,Legs,95.0,lbs,5,,,,""
2026-03-21,Flat Barbell Bench Press,Chest,135.0,lbs,8,,,,""
2026-03-21,Flat Barbell Bench Press,Chest,135.0,lbs,8,,,,""
2026-03-23,Hammer Strength Row,Back,70.0,lbs,12,,,,""
2026-03-23,Hammer Strength Row,Back,90.0,lbs,10,,,,""
2026-03-23,Hammer Strength Row,Back,110.0,lbs,8,,,,""
2026-03-23,Lat Pulldown,Back,70.0,lbs,15,,,,""
2026-03-23,Lat Pulldown,Back,100.0,lbs,12,,,,""
2026-03-23,Lat Pulldown,Back,120.0,lbs,8,,,,""
2026-03-23,Lat Pulldown,Back,120.0,lbs,8,,,,""
2026-03-23,Seated Machine Curl,Biceps,70.0,lbs,12,,,,""
2026-03-23,Seated Machine Curl,Biceps,80.0,lbs,10,,,,""
2026-03-23,Seated Machine Curl,Biceps,90.0,lbs,8,,,,""
2026-03-24,Flat Dumbbell Bench Press,Chest,95.0,lbs,12,,,,""
2026-03-24,Flat Dumbbell Bench Press,Chest,135.0,lbs,8,,,,""
2026-03-24,Flat Dumbbell Bench Press,Chest,185.0,lbs,1,,,,""
2026-03-24,Seated Machine Fly,Chest,50.0,lbs,10,,,,""
2026-03-24,Seated Machine Fly,Chest,60.0,lbs,8,,,,""
2026-03-24,Seated Machine Fly,Chest,60.0,lbs,10,,,,""
2026-03-24,Seated Dumbbell Press,Shoulders,50.0,lbs,15,,,,""
2026-03-24,Seated Dumbbell Press,Shoulders,70.0,lbs,12,,,,""
2026-03-24,Seated Dumbbell Press,Shoulders,90.0,lbs,10,,,,""
2026-03-26,Incline Hammer Strength Chest Press,Chest,50.0,lbs,12,,,,""
2026-03-26,Incline Hammer Strength Chest Press,Chest,70.0,lbs,10,,,,"Machine set on position 3 all around"
2026-03-26,Incline Hammer Strength Chest Press,Chest,70.0,lbs,9,,,,""
2026-03-26,Overhead Press,Shoulders,50.0,lbs,15,,,,""
2026-03-26,Overhead Press,Shoulders,60.0,lbs,12,,,,""
2026-03-26,Overhead Press,Shoulders,70.0,lbs,9,,,,""
2026-03-26,Triceps Press Nautilus,Triceps,40.0,lbs,20,,,,""
2026-03-26,Triceps Press Nautilus,Triceps,50.0,lbs,15,,,,""
2026-03-26,Triceps Press Nautilus,Triceps,60.0,lbs,12,,,,""
2026-03-29,Romanian Deadlift,Legs,95.0,lbs,8,,,,""
2026-03-29,Romanian Deadlift,Legs,135.0,lbs,8,,,,""
2026-03-29,Romanian Deadlift,Legs,135.0,lbs,6,,,,""
2026-03-29,Romanian Deadlift,Legs,155.0,lbs,6,,,,""
2026-03-29,Leg Extension Machine,Legs,60.0,lbs,15,,,,""
2026-03-29,Leg Extension Machine,Legs,70.0,lbs,12,,,,""
2026-03-29,Leg Extension Machine,Legs,80.0,lbs,10,,,,""
2026-03-29,Seated Calf Raise Machine,Legs,45.0,lbs,15,,,,""
2026-03-29,Seated Calf Raise Machine,Legs,45.0,lbs,15,,,,""
2026-03-29,Seated Calf Raise Machine,Legs,45.0,lbs,15,,,,""
2026-03-29,Lat Pulldown,Back,100.0,lbs,12,,,,""
2026-03-29,Lat Pulldown,Back,120.0,lbs,10,,,,""
2026-03-29,Lat Pulldown,Back,140.0,lbs,6,,,,""
2026-03-29,Hammer Strength Row,Back,70.0,lbs,12,,,,""
2026-03-29,Hammer Strength Row,Back,80.0,lbs,10,,,,""
2026-03-29,Hammer Strength Row,Back,100.0,lbs,8,,,,""
2026-03-31,Leg Press,Legs,100.0,lbs,15,,,,""
2026-03-31,Leg Press,Legs,160.0,lbs,12,,,,""
2026-03-31,Leg Press,Legs,200.0,lbs,8,,,,""
2026-03-31,Leg Press,Legs,200.0,lbs,10,,,,""
2026-03-31,Flat Barbell Bench Press,Chest,95.0,lbs,8,,,,""
2026-03-31,Flat Barbell Bench Press,Chest,135.0,lbs,8,,,,""
2026-03-31,Flat Barbell Bench Press,Chest,155.0,lbs,5,,,,""
2026-03-31,Flat Barbell Bench Press,Chest,155.0,lbs,4,,,,""
2026-03-31,Flat Barbell Bench Press,Chest,135.0,lbs,8,,,,""
2026-03-31,Incline Hammer Strength Chest Press,Chest,90.0,lbs,8,,,,""
2026-03-31,Incline Hammer Strength Chest Press,Chest,90.0,lbs,8,,,,""
2026-03-31,Incline Hammer Strength Chest Press,Chest,90.0,lbs,6,,,,""
2026-03-31,Lat Pulldown,Back,90.0,lbs,12,,,,"Hammer strengh"
2026-03-31,Lat Pulldown,Back,110.0,lbs,9,,,,""
2026-03-31,Lat Pulldown,Back,110.0,lbs,8,,,,""
2026-03-31,Seated Cable Row,Back,99.0,lbs,10,,,,""
2026-03-31,Seated Cable Row,Back,110.0,lbs,10,,,,""
2026-03-31,Seated Cable Row,Back,121.0,lbs,8,,,,""
2026-03-31,Seated Calf Raise Machine,Legs,45.0,lbs,15,,,,""
2026-03-31,Seated Calf Raise Machine,Legs,55.0,lbs,15,,,,""
2026-03-31,Seated Calf Raise Machine,Legs,70.0,lbs,12,,,,""
2026-03-31,Dumbbell Curl,Biceps,30.0,lbs,8,,,,""
2026-03-31,Dumbbell Hammer Curl,Biceps,35.0,lbs,8,,,,""
2026-03-31,Dumbbell Curl,Biceps,30.0,lbs,8,,,,""
2026-04-02,Leg Press,Legs,140.0,lbs,12,,,,""
2026-04-02,Leg Press,Legs,180.0,lbs,10,,,,""
2026-04-02,Leg Press,Legs,180.0,lbs,12,,,,""
2026-04-02,Leg Press,Legs,220.0,lbs,8,,,,""
2026-04-02,Leg Extension Machine,Legs,60.0,lbs,12,,,,""
2026-04-02,Leg Extension Machine,Legs,60.0,lbs,15,,,,""
2026-04-02,Leg Extension Machine,Legs,60.0,lbs,12,,,,""
2026-04-02,Leg Extension Machine,Legs,60.0,lbs,12,,,,""
2026-04-02,Seated Calf Raise Machine,Legs,45.0,lbs,15,,,,""
2026-04-02,Seated Calf Raise Machine,Legs,45.0,lbs,17,,,,""
2026-04-02,Seated Calf Raise Machine,Legs,45.0,lbs,17,,,,""
2026-04-02,V-Bar Push Down,Triceps,50.0,lbs,12,,,,""
2026-04-02,V-Bar Push Down,Triceps,55.0,lbs,8,,,,""
2026-04-02,V-Bar Push Down,Triceps,55.0,lbs,8,,,,""
2026-04-03,Deadlift,Back,95.0,lbs,8,,,,""
2026-04-03,Deadlift,Back,135.0,lbs,8,,,,""
2026-04-03,Deadlift,Back,185.0,lbs,6,,,,""
2026-04-03,Deadlift,Back,185.0,lbs,5,,,,""
2026-04-03,Deadlift,Back,185.0,lbs,5,,,,""
2026-04-03,Barbell Shrug,Back,135.0,lbs,12,,,,""
2026-04-03,Dumbbell Curl,Biceps,30.0,lbs,10,,,,""
2026-04-03,Dumbbell Curl,Biceps,30.0,lbs,10,,,,""
2026-04-03,Dumbbell Hammer Curl,Biceps,30.0,lbs,8,,,,""
2026-04-05,Barbell Squat,Legs,95.0,lbs,7,,,,""
2026-04-05,Barbell Squat,Legs,95.0,lbs,5,,,,""
2026-04-05,Barbell Squat,Legs,95.0,lbs,5,,,,""
2026-04-05,Flat Barbell Bench Press,Chest,95.0,lbs,8,,,,""
2026-04-05,Flat Barbell Bench Press,Chest,135.0,lbs,8,,,,""
2026-04-05,Flat Barbell Bench Press,Chest,155.0,lbs,6,,,,""
2026-04-05,Flat Barbell Bench Press,Chest,155.0,lbs,5,,,,""
2026-04-05,Incline Hammer Strength Chest Press,Chest,90.0,lbs,8,,,,""
2026-04-05,Incline Hammer Strength Chest Press,Chest,90.0,lbs,7,,,,""
2026-04-05,Incline Hammer Strength Chest Press,Chest,90.0,lbs,5,,,,""
2026-04-05,Seated Machine Fly,Chest,50.0,lbs,10,,,,""
2026-04-05,Seated Machine Fly,Chest,60.0,lbs,10,,,,""
2026-04-05,Seated Machine Fly,Chest,60.0,lbs,10,,,,""
2026-04-09,Deadlift,Back,95.0,lbs,8,,,,""
2026-04-09,Deadlift,Back,135.0,lbs,8,,,,""
2026-04-09,Deadlift,Back,185.0,lbs,5,,,,""
2026-04-09,Deadlift,Back,185.0,lbs,5,,,,""
2026-04-09,Deadlift,Back,185.0,lbs,5,,,,""
2026-04-09,Lat Pulldown,Back,90.0,lbs,12,,,,""
2026-04-09,Lat Pulldown,Back,140.0,lbs,8,,,,""
2026-04-09,Lat Pulldown,Back,140.0,lbs,8,,,,""
2026-04-09,Hammer Strength Row,Back,90.0,lbs,5,,,,""
2026-04-09,Hammer Strength Row,Back,90.0,lbs,5,,,,""
2026-04-09,Hammer Strength Row,Back,90.0,lbs,5,,,,""
2026-04-11,Flat Barbell Bench Press,Chest,95.0,lbs,8,,,,""
2026-04-11,Flat Barbell Bench Press,Chest,135.0,lbs,8,,,,""
2026-04-11,Flat Barbell Bench Press,Chest,155.0,lbs,6,,,,""
2026-04-11,Flat Barbell Bench Press,Chest,155.0,lbs,5,,,,""
2026-04-11,Flat Barbell Bench Press,Chest,155.0,lbs,5,,,,""
2026-04-11,Incline Hammer Strength Chest Press,Chest,70.0,lbs,10,,,,""
2026-04-11,Incline Hammer Strength Chest Press,Chest,80.0,lbs,10,,,,""
2026-04-11,Incline Hammer Strength Chest Press,Chest,90.0,lbs,8,,,,""
2026-04-11,Seated Dumbbell Press,Shoulders,30.0,lbs,10,,,,""
2026-04-11,Seated Dumbbell Press,Shoulders,30.0,lbs,10,,,,""
2026-04-11,Seated Dumbbell Press,Shoulders,30.0,lbs,10,,,,""
2026-04-11,Seated Machine Fly,Chest,50.0,lbs,10,,,,""
2026-04-11,Seated Machine Fly,Chest,60.0,lbs,10,,,,""
2026-04-11,Seated Machine Fly,Chest,70.0,lbs,10,,,,""
2026-04-11,Parallel Bar Triceps Dip,Triceps,1.0,lbs,3,,,,""
2026-04-11,Decline Hammer Strength Chest Press,Chest,90.0,lbs,12,,,,""
2026-04-11,Decline Hammer Strength Chest Press,Chest,90.0,lbs,9,,,,""
2026-04-11,Rope Push Down,Triceps,33.0,lbs,10,,,,""
2026-04-11,Rope Push Down,Triceps,27.0,lbs,12,,,,""
2026-04-11,Rope Push Down,Triceps,22.0,lbs,15,,,,""
2026-04-12,Barbell Squat,Legs,95.0,lbs,6,,,,""
2026-04-12,Barbell Squat,Legs,115.0,lbs,5,,,,""
2026-04-12,Barbell Squat,Legs,135.0,lbs,5,,,,""
2026-04-12,Leg Extension Machine,Legs,50.0,lbs,15,,,,""
2026-04-12,Leg Extension Machine,Legs,60.0,lbs,12,,,,""
2026-04-12,Leg Extension Machine,Legs,70.0,lbs,12,,,,""
2026-04-12,Leg Extension Machine,Legs,80.0,lbs,12,,,,""
2026-04-12,Leg Extension Machine,Legs,90.0,lbs,10,,,,""
2026-04-12,Standing Calf Raise Machine,Legs,50.0,lbs,12,,,,""
2026-04-12,Standing Calf Raise Machine,Legs,50.0,lbs,16,,,,""
2026-04-12,Standing Calf Raise Machine,Legs,50.0,lbs,15,,,,""
2026-04-12,Seated Calf Raise Machine,Legs,45.0,lbs,15,,,,""
2026-04-12,Seated Calf Raise Machine,Legs,70.0,lbs,15,,,,""
2026-04-12,Seated Calf Raise Machine,Legs,70.0,lbs,15,,,,""
2026-04-12,Leg Press,Legs,180.0,lbs,8,,,,""
2026-04-12,Leg Press,Legs,160.0,lbs,12,,,,""
2026-04-12,Leg Press,Legs,160.0,lbs,12,,,,""
2026-04-14,Deadlift,Back,135.0,lbs,8,,,,""
2026-04-14,Deadlift,Back,185.0,lbs,5,,,,""
2026-04-14,Deadlift,Back,185.0,lbs,5,,,,""
2026-04-14,Deadlift,Back,185.0,lbs,5,,,,""
2026-04-14,Deadlift,Back,185.0,lbs,5,,,,""
2026-04-14,Deadlift,Back,185.0,lbs,5,,,,""
2026-04-14,Seated Cable Row,Back,121.0,lbs,10,,,,""
2026-04-14,Seated Cable Row,Back,121.0,lbs,10,,,,""
2026-04-14,Seated Cable Row,Back,121.0,lbs,10,,,,""
2026-04-14,Lat Pulldown,Back,90.0,lbs,12,,,,""
2026-04-14,Lat Pulldown,Back,140.0,lbs,8,,,,""
2026-04-14,Lat Pulldown,Back,140.0,lbs,8,,,,""
2026-04-14,Lat Pulldown,Back,140.0,lbs,8,,,,""
2026-04-14,Dumbbell Curl,Biceps,30.0,lbs,10,,,,""
2026-04-14,Dumbbell Curl,Biceps,30.0,lbs,7,,,,""
2026-04-14,Dumbbell Hammer Curl,Biceps,30.0,lbs,6,,,,""
2026-04-14,Dumbbell Hammer Curl,Biceps,30.0,lbs,6,,,,""
2026-04-14,Seated Machine Curl,Biceps,60.0,lbs,15,,,,""
2026-04-14,Seated Machine Curl,Biceps,60.0,lbs,10,,,,""
2026-04-14,Seated Machine Curl,Biceps,60.0,lbs,15,,,,""
2026-04-15,Flat Barbell Bench Press,Chest,95.0,lbs,8,,,,""
2026-04-15,Flat Barbell Bench Press,Chest,135.0,lbs,8,,,,""
2026-04-15,Flat Barbell Bench Press,Chest,165.0,lbs,5,,,,""
2026-04-15,Flat Barbell Bench Press,Chest,165.0,lbs,5,,,,""
2026-04-15,Flat Barbell Bench Press,Chest,165.0,lbs,5,,,,""
2026-04-15,Incline Hammer Strength Chest Press,Chest,90.0,lbs,12,,,,"Reg bench"
2026-04-15,Incline Hammer Strength Chest Press,Chest,90.0,lbs,10,,,,"Reg flat Hammer strength bench"
2026-04-15,Incline Hammer Strength Chest Press,Chest,90.0,lbs,10,,,,"Flat"
2026-04-15,Rope Push Down,Triceps,33.0,lbs,12,,,,""
2026-04-15,Rope Push Down,Triceps,33.0,lbs,10,,,,""
2026-04-15,Rope Push Down,Triceps,33.0,lbs,10,,,,""
2026-04-15,Incline Hammer Strength Chest Press,Chest,90.0,lbs,8,,,,""
2026-04-15,Incline Hammer Strength Chest Press,Chest,90.0,lbs,6,,,,""
2026-04-15,Incline Hammer Strength Chest Press,Chest,90.0,lbs,6,,,,""
2026-04-16,Leg Press,Legs,140.0,lbs,15,,,,""
2026-04-16,Leg Press,Legs,160.0,lbs,15,,,,""
2026-04-16,Leg Press,Legs,180.0,lbs,15,,,,""
2026-04-16,Leg Press,Legs,200.0,lbs,15,,,,""
2026-04-16,Leg Press,Legs,220.0,lbs,15,,,,""
2026-04-16,Seated Calf Raise Machine,Legs,80.0,lbs,15,,,,""
2026-04-16,Seated Calf Raise Machine,Legs,80.0,lbs,15,,,,""
2026-04-16,Seated Calf Raise Machine,Legs,80.0,lbs,15,,,,""
2026-04-16,Leg Extension Machine,Legs,50.0,lbs,15,,,,""
2026-04-16,Leg Extension Machine,Legs,60.0,lbs,12,,,,""
2026-04-16,Leg Extension Machine,Legs,70.0,lbs,12,,,,""
2026-04-16,Leg Extension Machine,Legs,80.0,lbs,12,,,,""
2026-04-16,Leg Extension Machine,Legs,90.0,lbs,12,,,,"Amrap"
2026-04-16,EZ-Bar Curl,Biceps,80.0,lbs,12,,,,""
2026-04-16,EZ-Bar Curl,Biceps,90.0,lbs,12,,,,""
2026-04-16,EZ-Bar Curl,Biceps,100.0,lbs,10,,,,""
2026-04-19,Deadlift,Back,135.0,lbs,8,,,,""
2026-04-19,Deadlift,Back,185.0,lbs,6,,,,""
2026-04-19,Deadlift,Back,185.0,lbs,6,,,,""
2026-04-19,Deadlift,Back,185.0,lbs,6,,,,""
2026-04-19,Seated Cable Row,Back,110.0,lbs,12,,,,""
2026-04-19,Seated Cable Row,Back,121.0,lbs,12,,,,""
2026-04-19,Seated Cable Row,Back,143.0,lbs,8,,,,""
2026-04-19,Lat Pulldown,Back,120.0,lbs,10,,,,""
2026-04-19,Lat Pulldown,Back,140.0,lbs,8,,,,""
2026-04-19,Lat Pulldown,Back,140.0,lbs,9,,,,"Amrap"
2026-04-19,Dumbbell Curl,Biceps,30.0,lbs,8,,,,""
2026-04-19,Dumbbell Hammer Curl,Biceps,30.0,lbs,10,,,,""
2026-04-19,Rear Delt Machine Fly,Shoulders,30.0,lbs,15,,,,""
2026-04-19,Rear Delt Machine Fly,Shoulders,30.0,lbs,15,,,,""
2026-04-19,Rear Delt Machine Fly,Shoulders,40.0,lbs,10,,,,""
2026-04-19,Seated Machine Curl,Biceps,70.0,lbs,15,,,,""
2026-04-19,Seated Machine Curl,Biceps,80.0,lbs,12,,,,""
2026-04-19,Seated Machine Curl,Biceps,90.0,lbs,14,,,,""
2026-04-20,Flat Barbell Bench Press,Chest,95.0,lbs,8,,,,""
2026-04-20,Flat Barbell Bench Press,Chest,135.0,lbs,8,,,,""
2026-04-20,Flat Barbell Bench Press,Chest,155.0,lbs,6,,,,""
2026-04-20,Flat Barbell Bench Press,Chest,155.0,lbs,6,,,,""
2026-04-20,Flat Barbell Bench Press,Chest,155.0,lbs,6,,,,""
2026-04-20,Incline Hammer Strength Chest Press,Chest,90.0,lbs,8,,,,""
2026-04-20,Incline Hammer Strength Chest Press,Chest,90.0,lbs,12,,,,""
2026-04-20,Incline Hammer Strength Chest Press,Chest,90.0,lbs,12,,,,""
2026-04-20,Overhead Press,Shoulders,60.0,lbs,15,,,,""
2026-04-20,Overhead Press,Shoulders,70.0,lbs,10,,,,""
2026-04-20,Overhead Press,Shoulders,80.0,lbs,7,,,,""
2026-04-22,Barbell Squat,Legs,95.0,lbs,8,,,,""
2026-04-22,Barbell Squat,Legs,95.0,lbs,8,,,,""
2026-04-22,Barbell Squat,Legs,95.0,lbs,8,,,,""
2026-04-22,Seated Calf Raise Machine,Legs,45.0,lbs,25,,,,""
2026-04-22,Seated Calf Raise Machine,Legs,90.0,lbs,12,,,,""
2026-04-22,Seated Calf Raise Machine,Legs,90.0,lbs,13,,,,""
2026-04-22,Standing Calf Raise Machine,Legs,60.0,lbs,15,,,,""
2026-04-22,Standing Calf Raise Machine,Legs,70.0,lbs,12,,,,""
2026-04-22,Leg Extension Machine,Legs,70.0,lbs,12,,,,""
2026-04-22,Leg Extension Machine,Legs,80.0,lbs,12,,,,""
2026-04-22,Leg Extension Machine,Legs,90.0,lbs,12,,,,""
2026-04-23,Seated Cable Row,Back,121.0,lbs,10,,,,""
2026-04-23,Seated Cable Row,Back,121.0,lbs,10,,,,""
2026-04-23,Seated Cable Row,Back,121.0,lbs,10,,,,""
2026-04-23,Lat Pulldown,Back,90.0,lbs,12,,,,"Hammer strength"
2026-04-23,Lat Pulldown,Back,140.0,lbs,8,,,,"Hammer motherfuckin strength 💪"
2026-04-23,Lat Pulldown,Back,140.0,lbs,8,,,,""
2026-04-23,Lat Pulldown,Back,140.0,lbs,8,,,,""
2026-04-23,Rear Delt Machine Fly,Shoulders,40.0,lbs,10,,,,""
2026-04-23,Rear Delt Machine Fly,Shoulders,40.0,lbs,10,,,,""
2026-04-23,Rear Delt Machine Fly,Shoulders,40.0,lbs,10,,,,""
2026-04-23,Seated Machine Curl,Biceps,70.0,lbs,15,,,,""
2026-04-23,Seated Machine Curl,Biceps,90.0,lbs,12,,,,""
2026-04-23,Seated Machine Curl,Biceps,100.0,lbs,8,,,,""
2026-04-24,Flat Barbell Bench Press,Chest,95.0,lbs,8,,,,""
2026-04-24,Flat Barbell Bench Press,Chest,135.0,lbs,8,,,,""
2026-04-24,Flat Barbell Bench Press,Chest,155.0,lbs,7,,,,""
2026-04-24,Flat Barbell Bench Press,Chest,175.0,lbs,5,,,,""
2026-04-24,Flat Barbell Bench Press,Chest,175.0,lbs,4,,,,""
2026-04-24,Flat Barbell Bench Press,Chest,175.0,lbs,3,,,,""
2026-04-24,Flat Barbell Bench Press,Chest,175.0,lbs,3,,,,""
2026-04-24,Incline Hammer Strength Chest Press,Chest,90.0,lbs,10,,,,""
2026-04-24,Incline Hammer Strength Chest Press,Chest,90.0,lbs,10,,,,""
2026-04-24,Incline Hammer Strength Chest Press,Chest,100.0,lbs,8,,,,""
2026-04-24,Incline Hammer Strength Chest Press,Chest,100.0,lbs,6,,,,""
2026-04-24,V-Bar Push Down,Triceps,44.0,lbs,15,,,,""
2026-04-24,V-Bar Push Down,Triceps,50.0,lbs,12,,,,""
2026-04-24,V-Bar Push Down,Triceps,55.0,lbs,10,,,,""
2026-04-24,Dumbbell Curl,Biceps,30.0,lbs,10,,,,""
2026-04-24,Dumbbell Curl,Biceps,30.0,lbs,9,,,,""
2026-04-24,Dumbbell Hammer Curl,Biceps,30.0,lbs,7,,,,"Amrap"
2026-04-24,Lateral Dumbbell Raise,Shoulders,15.0,lbs,12,,,,""